Cluster_Agglo,Species_List,Centroid_Latitude,Centroid_Longitude,Radius_Km,City_State,Habitat,Richness
0,"Puma concolor, Odocoileus hemionus, Tamiasciurus douglasii, Mustela frenata, Glaucomys sabrinus, Procyon lotor, Didelphis virginiana, Ursus americanus, Mustela erminea, Lepus americanus, Lynx rufus, Cervus canadensis, Canis latrans, Sylvilagus floridanus, Canis familiaris, Odocoileus virginianus",47.87268113574918,-122.94104,50,Clallam County - Washington,forest,16
1,"Sciurus carolinensis, Procyon lotor, Felis catus, Canis latrans, Odocoileus virginianus, Canis familiaris, Sylvilagus floridanus, Tamias striatus, Didelphis virginiana, Rattus norvegicus, Mephitis mephitis, Glaucomys volans, Vulpes vulpes, Marmota monax",40.79440449695679,-73.8114741976744,50,New York - New York,"anthropogenic, forest, shrubland",14
2,"Vulpes vulpes, Sciurus carolinensis, Odocoileus virginianus, Procyon lotor, Sylvilagus floridanus, Didelphis virginiana, Mephitis mephitis, Marmota monax, Sciurus niger, Neovison vison, Tamias striatus, Canis familiaris, Lontra canadensis, Canis latrans, Glaucomys volans, Tamiasciurus hudsonicus, Felis catus, Castor canadensis, Pekania pennanti, Peromyscus leucopus, Mustela frenata",39.73539262196192,-75.61988947288141,50,Wilmington - Delaware,"forest, wetland",21
3,"Odocoileus virginianus, Procyon lotor, Canis latrans, Sciurus niger, Sylvilagus floridanus, Didelphis virginiana, Mephitis mephitis, Lynx rufus, Canis familiaris, Sciurus carolinensis, Vulpes vulpes",40.7561795194991,-96.76898048484848,50,Lincoln - Nebraska,grassland,11
4,"Canis familiaris, Odocoileus virginianus, Canis latrans, Sciurus carolinensis, Urocyon cinereoargenteus, Lynx rufus, Vulpes vulpes, Procyon lotor, Didelphis virginiana, Bos taurus, Sylvilagus floridanus",36.05310610732717,-79.37719193548389,50,Alamance County - North Carolina,forest,11
5,"Odocoileus virginianus, Didelphis virginiana, Canis latrans, Sciurus carolinensis, Canis familiaris, Procyon lotor, Sylvilagus floridanus, Urocyon cinereoargenteus, Equus caballus, Lontra canadensis, Mephitis mephitis, Lynx rufus, Felis catus, Glaucomys sabrinus, Vulpes vulpes, Ursus americanus, Glaucomys volans",35.928847829203,-78.7751340918587,50,Durham County - North Carolina,forest,17
6,"Odocoileus virginianus, Sciurus carolinensis, Procyon lotor, Didelphis virginiana, Canis latrans, Lynx rufus, Vulpes vulpes, Felis catus, Dasypus novemcinctus, Sylvilagus floridanus, Sciurus niger, Urocyon cinereoargenteus, Sciurus griseus, Castor canadensis, Lontra canadensis, Mephitis mephitis, Canis familiaris, Glaucomys volans, Neovison vison, Mustela frenata",36.85330800550116,-88.64678899999997,50,Graves County - Kentucky,forest,20
7,"Sciurus carolinensis, Odocoileus virginianus, Canis latrans, Procyon lotor, Sylvilagus floridanus, Equus caballus, Canis familiaris, Felis catus, Didelphis virginiana, Urocyon cinereoargenteus, Vulpes vulpes",35.241751929890334,-79.46712656249997,50,Moore County - North Carolina,forest,11
8,"Canis familiaris, Canis latrans, Procyon lotor, Lynx rufus, Peromyscus leucopus, Sciurus carolinensis, Ursus americanus, Odocoileus virginianus, Sylvilagus floridanus, Vulpes vulpes, Tamias striatus, Mustela frenata, Sciurus niger, Didelphis virginiana, Urocyon cinereoargenteus, Mephitis mephitis, Felis catus, Tamiasciurus hudsonicus, Spilogale putorius, Canis rufus, Sylvilagus obscurus, Glaucomys sabrinus",36.12926374145898,-81.85209175757575,50,Watauga County - North Carolina,forest,22
9,"Sciurus carolinensis, Odocoileus virginianus, Sylvilagus floridanus, Ursus americanus, Didelphis virginiana, Sciurus niger, Procyon lotor, Vulpes vulpes, Tamias striatus, Neovison vison, Canis latrans, Lynx rufus, Mephitis mephitis, Glaucomys volans, Canis familiaris, Felis catus, Castor canadensis, Equus caballus, Peromyscus leucopus, Spilogale putorius",38.83967741457332,-78.10686120136987,50,Fauquier County - Virginia,forest,20
10,"Odocoileus virginianus, Didelphis virginiana, Dasypus novemcinctus, Sus scrofa, Procyon lotor, Lynx rufus, Canis latrans, Ursus americanus, Sciurus niger, Sciurus carolinensis, Canis familiaris, Sylvilagus floridanus, Sylvilagus palustris, Urocyon cinereoargenteus, Lontra canadensis, Felis catus, Sigmodon hispidus, Vulpes vulpes",29.69826628998865,-82.12579469800004,50,Alachua County - Florida,forest,18
11,"Odocoileus virginianus, Procyon lotor, Lynx rufus, Canis latrans, Canis familiaris, Didelphis virginiana, Sciurus carolinensis, Bos taurus, Urocyon cinereoargenteus, Sylvilagus floridanus, Ursus americanus, Mephitis mephitis",36.35106890460992,-80.73421173913044,50,Surry County - North Carolina,forest,12
12,"Odocoileus virginianus, Dasypus novemcinctus, Procyon lotor, Lynx rufus, Canis latrans, Sciurus carolinensis, Didelphis virginiana, Tamias striatus, Glaucomys volans, Mephitis mephitis, Sylvilagus floridanus, Canis familiaris, Lontra canadensis, Vulpes vulpes, Sus scrofa, Sciurus niger, Castor canadensis, Rattus norvegicus, Peromyscus gossypinus, Microtus ochrogaster, Ondatra zibethicus, Neovison vison, Marmota monax",36.15835252044485,-87.03294677777778,50,Nashville - Tennessee,"anthropogenic, forest, grassland",23
13,"Odocoileus virginianus, Ursus americanus, Odocoileus hemionus, Ursus arctos, Cervus canadensis, Canis latrans, Bos taurus, Mephitis mephitis, Alces alces, Lynx rufus, Vulpes vulpes, Lepus americanus, Tamiasciurus hudsonicus, Canis lupus, Canis familiaris, Puma concolor, Neovison vison, Equus caballus, Martes americana, Castor canadensis",46.990239342313664,-113.29977805522388,50,Missoula County - Montana,"forest, grassland",20
14,"Odocoileus virginianus, Procyon lotor, Bos taurus, Sylvilagus floridanus, Didelphis virginiana, Canis latrans, Mephitis mephitis, Sciurus niger, Sciurus carolinensis, Lynx rufus, Urocyon cinereoargenteus, Dasypus novemcinctus, Marmota monax, Lontra canadensis, Felis catus, Vulpes vulpes, Canis familiaris, Glaucomys volans, Mustela frenata, Neovison vison",39.094871440966365,-92.54444763636364,50,Howard County - Missouri,"anthropogenic, forest",20
15,"Lynx rufus, Canis latrans, Sciurus carolinensis, Procyon lotor, Odocoileus virginianus, Dasypus novemcinctus, Canis familiaris, Sus scrofa, Didelphis virginiana, Sciurus niger, Urocyon cinereoargenteus",30.688076334806507,-89.9795157142857,50,Washington Parish - Louisiana,forest,11
16,"Sciurus carolinensis, Sylvilagus floridanus, Procyon lotor, Pekania pennanti, Odocoileus virginianus, Urocyon cinereoargenteus, Canis latrans, Tamias striatus, Didelphis virginiana, Mephitis mephitis, Erethizon dorsatum, Tamiasciurus hudsonicus, Ursus americanus, Glaucomys sabrinus, Marmota monax, Peromyscus leucopus, Mustela erminea, Felis catus, Canis familiaris, Vulpes vulpes, Neotamias townsendii, Sciurus niger, Ondatra zibethicus, Lynx rufus",42.72440887254236,-73.65800197855263,50,Albany County - New York,forest,24
17,"Odocoileus virginianus, Sciurus carolinensis, Didelphis virginiana, Canis latrans, Procyon lotor, Tamias striatus, Sciurus niger, Ursus americanus, Mustela frenata, Lynx rufus, Mephitis mephitis, Felis catus, Vulpes vulpes, Canis familiaris, Sylvilagus floridanus, Glaucomys volans, Blarina brevicauda, Urocyon cinereoargenteus, Marmota monax",36.66064177125696,-83.537747372549,50,Lee County - Virginia,forest,19
18,"Didelphis virginiana, Sciurus carolinensis, Odocoileus virginianus, Canis familiaris, Procyon lotor, Ursus americanus, Canis latrans, Sylvilagus floridanus, Lynx rufus, Felis catus, Canis rufus, Equus caballus, Lontra canadensis, Sylvilagus palustris",35.86511938320937,-75.84696643651162,50,Dare County - North Carolina,"forest, wetland",14
19,"Procyon lotor, Felis catus, Sciurus niger, Canis familiaris, Odocoileus hemionus, Vulpes vulpes, Canis latrans, Equus caballus, Mephitis mephitis, Otospermophilus variegatus, Sylvilagus nuttallii, Erethizon dorsatum, Castor canadensis, Ondatra zibethicus, Alces alces, Lynx rufus, Tamiasciurus hudsonicus, Puma concolor, Glaucomys sabrinus, Cervus canadensis, Lepus townsendii, Ursus americanus, Mustela erminea, Taxidea taxus, Lepus americanus, Neovison vison, Neotamias minimus, Mustela frenata, Urocitellus armatus",40.71064944435089,-111.81888949242422,50,Salt Lake County - Utah,"anthropogenic, desert, forest, grassland",29
20,"Odocoileus virginianus, Procyon lotor, Vulpes vulpes, Sciurus carolinensis, Tamias striatus, Pekania pennanti, Ursus americanus, Tamiasciurus hudsonicus, Mephitis mephitis, Erethizon dorsatum, Canis familiaris, Canis latrans, Lynx rufus, Sylvilagus floridanus, Didelphis virginiana, Mustela erminea, Neovison vison, Lontra canadensis, Martes americana, Urocyon cinereoargenteus, Lepus americanus",44.40798392309878,-75.08852738780487,50,Saint Lawrence County - New York,forest,21
21,"Didelphis virginiana, Procyon lotor, Dasypus novemcinctus, Odocoileus virginianus, Sylvilagus floridanus, Sciurus niger, Sciurus carolinensis, Canis latrans",37.31458971313904,-90.12716933333334,50,Bollinger County - Missouri,forest,8
22,"Felis catus, Sciurus carolinensis, Urocyon cinereoargenteus, Tamias striatus, Didelphis virginiana, Canis latrans, Procyon lotor, Odocoileus virginianus, Canis familiaris, Sylvilagus floridanus, Vulpes vulpes, Rattus rattus, Dasypus novemcinctus, Lynx rufus",33.75436807836098,-84.43456191319149,50,Atlanta - Georgia,"anthropogenic, forest",14
23,"Odocoileus virginianus, Procyon lotor, Felis catus, Sylvilagus floridanus, Mephitis mephitis, Sciurus niger, Didelphis virginiana, Canis latrans, Taxidea taxus, Ovis aries, Vulpes vulpes, Equus caballus, Mustela frenata, Canis familiaris, Equus asinus, Neovison vison, Castor canadensis, Lepus townsendii, Bos taurus, Ictidomys tridecemlineatus",44.39031099965336,-96.7248450980392,50,Brookings County - South Dakota,grassland,20
24,"Odocoileus virginianus, Sylvilagus floridanus, Canis latrans, Canis familiaris, Procyon lotor, Urocyon cinereoargenteus, Sciurus carolinensis, Dasypus novemcinctus, Didelphis virginiana, Lynx rufus, Ursus americanus",30.502135963927067,-84.8194977,50,Gadsden County - Florida,"forest, grassland",11
25,"Sciurus carolinensis, Canis latrans, Sciurus niger, Neotoma floridana, Dasypus novemcinctus, Odocoileus virginianus, Procyon lotor, Didelphis virginiana",38.191130589225175,-94.57463966666668,50,Bates County - Missouri,forest,8
26,"Sciurus niger, Odocoileus virginianus, Procyon lotor, Sciurus carolinensis, Didelphis virginiana, Dasypus novemcinctus, Sylvilagus floridanus, Lynx rufus, Marmota monax, Canis latrans, Castor canadensis, Mephitis mephitis, Canis familiaris, Felis catus, Neotoma floridana, Vulpes vulpes, Glaucomys volans",37.41571257065632,-94.69785335333331,50,Crawford County - Kansas,forest,17
27,"Odocoileus virginianus, Sus scrofa, Dasypus novemcinctus, Canis latrans, Didelphis virginiana, Procyon lotor, Lynx rufus, Canis familiaris, Sciurus carolinensis, Sylvilagus floridanus, Glaucomys volans, Sciurus niger, Urocyon cinereoargenteus",31.504603190591915,-94.7765207183098,50,Nacogdoches County - Texas,forest,13
28,"Vulpes macrotis, Lepus californicus, Taxidea taxus, Canis latrans, Mephitis mephitis, Dipodomys merriami, Oryx gazella",32.78515633918436,-106.26704545454544,50,Otero County - New Mexico,desert,7
29,"Lepus americanus, Canis latrans, Tamiasciurus hudsonicus, Pekania pennanti, Alces alces, Mustela frenata, Lynx canadensis, Ursus americanus, Martes americana, Sciurus carolinensis, Glaucomys sabrinus, Odocoileus virginianus",46.09102566374051,-69.17632461538462,50,T4 R11 WELS - Maine,forest,12
30,"Sciurus carolinensis, Odocoileus virginianus, Procyon lotor, Vulpes vulpes, Canis familiaris, Canis latrans, Didelphis virginiana, Lynx rufus, Marmota monax, Felis catus, Sylvilagus floridanus, Rattus norvegicus, Tamias striatus, Peromyscus leucopus, Equus caballus, Sciurus niger, Mus musculus, Castor canadensis, Glaucomys volans, Urocyon cinereoargenteus, Glaucomys sabrinus, Mustela frenata",38.89882193342172,-77.03859414566428,50,Washington - District of Columbia,"anthropogenic, forest",22
31,"Ursus americanus, Lepus californicus, Lynx rufus, Pecari tajacu, Canis latrans, Sylvilagus audubonii, Canis familiaris, Equus caballus, Sylvilagus nuttallii, Odocoileus hemionus, Odocoileus virginianus, Conepatus leuconotus, Urocyon cinereoargenteus, Mephitis macroura, Procyon lotor, Otospermophilus variegatus, Mephitis mephitis, Neotoma albigula, Lepus alleni, Ammospermophilus harrisii, Lepus americanus, Spilogale gracilis, Dipodomys deserti, Neotoma mexicana, Xerospermophilus tereticaudus, Felis catus, Puma concolor",32.34579839394793,-110.86784333333333,50,Pima County - Arizona,desert,27
32,"Neovison vison, Sciurus carolinensis, Vulpes vulpes, Didelphis virginiana, Sciurus niger, Odocoileus virginianus, Canis latrans, Procyon lotor, Lynx rufus, Sylvilagus floridanus, Glaucomys volans, Peromyscus leucopus, Peromyscus maniculatus, Tamias striatus, Mephitis mephitis, Marmota monax, Dasypus novemcinctus",40.82131385173064,-89.75358649999998,50,Peoria County - Illinois,forest,17
33,"Procyon lotor, Didelphis virginiana, Neotoma floridana, Felis catus, Canis latrans, Sciurus carolinensis, Canis familiaris, Peromyscus gossypinus, Sigmodon hispidus, Rattus rattus",25.227158264901306,-80.3359110872464,50,Monroe County - Florida,forest,10
34,"Odocoileus virginianus, Sciurus carolinensis, Procyon lotor, Canis latrans, Ursus americanus, Martes americana, Canis familiaris, Pekania pennanti, Lepus americanus, Tamias striatus, Lontra canadensis, Glaucomys sabrinus, Vulpes vulpes, Tamiasciurus hudsonicus, Mustela frenata",44.15468555237183,-74.78288185185185,50,Saint Lawrence County - New York,forest,15
35,"Lynx rufus, Pecari tajacu, Felis catus, Sylvilagus floridanus, Urocyon cinereoargenteus, Dasypus novemcinctus, Procyon lotor, Didelphis virginiana, Sus scrofa, Canis latrans, Odocoileus virginianus, Bos taurus, Mephitis mephitis, Equus caballus, Canis familiaris, Neotoma micropus, Taxidea taxus",27.607311406281525,-98.061208554,50,Kleberg County - Texas,"anthropogenic, grassland",17
36,"Canis familiaris, Dasypus novemcinctus, Odocoileus virginianus, Didelphis virginiana, Procyon lotor, Sciurus niger, Canis latrans, Sciurus carolinensis, Lynx rufus",37.80698457321079,-95.47379333333332,50,Allen County - Kansas,forest,9
37,"Vulpes macrotis, Lepus californicus, Canis latrans, Canis familiaris, Ammospermophilus leucurus, Dipodomys merriami, Taxidea taxus, Lynx rufus, Dipodomys deserti, Felis catus, Equus caballus",36.37166998056976,-115.29994353124997,50,Las Vegas - Nevada,desert,11
38,"Procyon lotor, Tamias striatus, Sciurus carolinensis, Sylvilagus floridanus, Didelphis virginiana, Neovison vison, Mephitis mephitis, Felis catus, Vulpes vulpes, Sciurus niger, Canis latrans, Canis familiaris, Marmota monax, Odocoileus virginianus, Urocyon cinereoargenteus",38.02982904634551,-84.51197777777779,50,Lexington - Kentucky,anthropogenic,15
39,"Odocoileus virginianus, Procyon lotor, Sylvilagus floridanus, Didelphis virginiana, Bos taurus, Lynx rufus, Sus scrofa, Canis latrans, Dasypus novemcinctus, Vulpes vulpes, Urocyon cinereoargenteus, Mephitis mephitis, Canis familiaris, Equus caballus, Sciurus niger, Capra aegagrus hircus, Ovis aries",33.95985218920621,-97.23746447269832,50,Love County - Oklahoma,grassland,17
40,"Canis latrans, Felis catus, Tamias striatus, Sylvilagus floridanus, Sciurus carolinensis, Urocyon cinereoargenteus, Procyon lotor, Vulpes vulpes, Mephitis mephitis, Didelphis virginiana, Odocoileus virginianus, Marmota monax, Pekania pennanti, Erethizon dorsatum, Tamiasciurus hudsonicus, Napaeozapus insignis, Canis familiaris",42.925693593696025,-76.19967108399999,50,City of Syracuse - New York,forest,17
41,"Pecari tajacu, Didelphis virginiana, Odocoileus virginianus, Mephitis mephitis, Sylvilagus floridanus, Lynx rufus, Procyon lotor, Canis latrans, Dasypus novemcinctus, Neotoma micropus, Peromyscus leucopus, Canis familiaris, Odocoileus hemionus, Sus scrofa, Boselaphus tragocamelus, Lepus californicus",26.27893064816441,-97.47859017647056,50,Cameron County - Texas,forest,16
42,"Sciurus carolinensis, Procyon lotor, Vulpes vulpes, Felis catus, Sylvilagus floridanus, Sciurus niger, Marmota monax, Odocoileus virginianus, Canis familiaris, Didelphis virginiana",39.328867051041776,-76.620915,50,Baltimore - Maryland,forest,10
43,"Otospermophilus variegatus, Lynx rufus, Spilogale gracilis, Neotamias dorsalis, Neotamias umbrinus, Ammospermophilus leucurus, Canis latrans, Sylvilagus audubonii, Neotoma lepida, Dipodomys merriami, Urocyon cinereoargenteus, Taxidea taxus, Procyon lotor, Bassariscus astutus, Lepus californicus, Odocoileus hemionus, Vulpes macrotis, Canis familiaris, Mephitis mephitis",37.18783423416294,-113.52731553846152,50,Washington County - Utah,desert,19
44,"Bos taurus, Cervus canadensis, Canis latrans, Neotoma cinerea, Tamiasciurus hudsonicus, Lepus americanus, Mustela frenata, Glaucomys sabrinus, Ursus americanus, Mephitis mephitis, Lynx rufus, Puma concolor, Odocoileus hemionus, Equus caballus, Canis lupus, Sylvilagus nuttallii, Lepus townsendii, Canis familiaris, Odocoileus virginianus",45.289348987953495,-118.56191547619048,50,Union County - Oregon,forest,19
45,"Ursus americanus, Glaucomys sabrinus, Tamiasciurus douglasii, Spilogale gracilis, Odocoileus hemionus, Aplodontia rufa, Lynx rufus, Lepus americanus",48.11303607518094,-124.02849428571427,50,Clallam County - Washington,forest,8
46,"Odocoileus virginianus, Sciurus carolinensis, Didelphis virginiana, Procyon lotor, Sciurus niger, Dasypus novemcinctus, Marmota monax",37.61178400338382,-94.94736233333332,50,Crawford County - Kansas,forest,7
47,"Odocoileus virginianus, Ursus americanus, Canis familiaris, Canis latrans, Lynx rufus, Alces alces, Canis lupus, Vulpes vulpes, Lepus americanus, Procyon lotor, Mephitis mephitis, Erethizon dorsatum",46.23676967720439,-88.26381454545454,50,Crystal Falls Township - Michigan,forest,12
48,"Canis familiaris, Procyon lotor, Felis catus, Sylvilagus floridanus, Sciurus carolinensis, Canis latrans, Didelphis virginiana, Odocoileus hemionus, Lynx rufus, Tamiasciurus douglasii, Ursus americanus, Glaucomys sabrinus, Rattus rattus, Neotamias townsendii, Aplodontia rufa",47.673205798073376,-122.21944679615385,50,Seattle - Washington,"anthropogenic, forest",15
49,"Canis latrans, Ovis aries, Odocoileus hemionus, Procyon lotor, Tamiasciurus douglasii, Sciurus carolinensis, Odocoileus virginianus, Canis familiaris, Lontra canadensis, Felis catus, Lama glama",47.41658694685911,-122.46857249999998,50,King County - Washington,forest,11
50,"Sciurus carolinensis, Procyon lotor, Canis familiaris, Odocoileus virginianus, Lynx rufus, Tamias striatus, Canis latrans, Didelphis virginiana, Ursus americanus, Vulpes vulpes, Sylvilagus floridanus, Marmota monax, Mustela erminea, Mephitis mephitis, Felis catus, Urocyon cinereoargenteus, Mustela frenata",41.42255625597767,-74.0274012307692,50,Orange County - New York,forest,17
51,"Sciurus carolinensis, Neotamias minimus, Odocoileus hemionus, Vulpes vulpes, Tamiasciurus hudsonicus, Neotamias townsendii, Canis latrans, Procyon lotor, Erethizon dorsatum, Tamiasciurus douglasii, Alces alces, Odocoileus virginianus, Sciurus griseus, Sylvilagus nuttallii, Peromyscus maniculatus, Ursus americanus, Lepus americanus, Lynx rufus, Mephitis mephitis, Canis familiaris, Cervus canadensis, Felis catus",46.81044310166835,-116.9188891411764,50,Latah County - Idaho,"anthropogenic, forest",22
52,"Bison bison, Lynx rufus, Canis latrans, Bos taurus, Sylvilagus floridanus, Sciurus niger, Cervus canadensis, Dasypus novemcinctus, Procyon lotor, Odocoileus virginianus, Sus scrofa, Mephitis mephitis, Erethizon dorsatum, Urocyon cinereoargenteus, Lontra canadensis",34.80274843438666,-98.742215,50,Comanche County - Oklahoma,forest,15
53,"Puma concolor, Lepus americanus, Lynx rufus, Lepus townsendii, Canis latrans, Odocoileus virginianus, Tamiasciurus hudsonicus, Cervus canadensis, Bos taurus, Odocoileus hemionus, Taxidea taxus, Ursus arctos, Mephitis mephitis, Sylvilagus nuttallii, Erethizon dorsatum, Alces alces, Equus caballus, Glaucomys sabrinus, Ursus americanus, Mustela erminea, Canis familiaris, Canis lupus, Procyon lotor, Neotoma cinerea, Vulpes vulpes, Mustela frenata",48.09439861173208,-112.68461492537313,50,Teton County - Montana,"forest, grassland",26
54,"Odocoileus hemionus, Ursus americanus, Tamiasciurus hudsonicus, Canis latrans, Mustela frenata, Neotamias minimus, Puma concolor, Alces alces, Mephitis mephitis, Cervus canadensis, Canis familiaris, Lepus americanus, Vulpes vulpes, Martes americana, Taxidea taxus, Procyon lotor, Canis lupus, Glaucomys sabrinus, Pekania pennanti, Erethizon dorsatum",43.64090132104941,-114.32984449999996,50,Blaine County - Idaho,forest,20
55,"Ursus arctos, Alces alces, Canis latrans, Lynx canadensis, Canis familiaris, Ursus americanus, Canis lupus, Tamiasciurus hudsonicus, Gulo gulo, Erethizon dorsatum, Martes americana, Mustela erminea, Felis catus",59.41387259010729,-136.11687577241378,50,Haines Borough - Alaska,forest,13
56,"Odocoileus virginianus, Didelphis virginiana, Procyon lotor, Canis latrans, Sylvilagus aquaticus, Dasypus novemcinctus, Lynx rufus, Sciurus carolinensis, Canis familiaris, Sciurus niger, Felis catus, Sylvilagus floridanus, Vulpes vulpes, Urocyon cinereoargenteus, Mephitis mephitis",33.413538356397794,-88.85389775000002,50,Oktibbeha County - Mississippi,forest,15
57,"Odocoileus virginianus, Canis latrans, Sciurus carolinensis, Pekania pennanti, Tamiasciurus hudsonicus, Procyon lotor, Lynx rufus, Tamias striatus, Odocoileus hemionus, Sylvilagus floridanus, Glaucomys volans, Canis familiaris, Urocyon cinereoargenteus, Didelphis virginiana, Peromyscus leucopus, Mustela frenata, Vulpes vulpes, Mephitis mephitis, Marmota monax, Neovison vison",41.51780246542936,-71.57899437884613,50,South County - Rhode Island,forest,20
58,"Pecari tajacu, Odocoileus virginianus, Canis latrans, Procyon lotor, Sus scrofa, Dasypus novemcinctus, Spilogale putorius, Sciurus niger, Mephitis mephitis, Didelphis virginiana",28.24736803233602,-96.871798,50,Aransas County - Texas,wetland,10
59,"Ursus americanus, Tamias striatus, Sciurus carolinensis, Procyon lotor, Didelphis virginiana, Odocoileus virginianus, Canis latrans, Canis familiaris, Tamiasciurus hudsonicus, Mustela frenata, Sylvilagus floridanus, Erethizon dorsatum, Napaeozapus insignis, Mephitis mephitis, Lynx rufus, Pekania pennanti, Neovison vison, Felis catus, Alces alces, Blarina brevicauda, Mustela erminea",44.07793521719096,-73.07422422475247,50,Addison County - Vermont,forest,21
60,"Procyon lotor, Odocoileus virginianus, Felis catus, Canis familiaris, Sciurus niger, Canis latrans, Tamias striatus, Didelphis virginiana, Sylvilagus floridanus, Mustela erminea, Marmota monax, Castor canadensis, Lynx rufus, Peromyscus leucopus, Mephitis mephitis, Neovison vison, Equus caballus, Vulpes vulpes, Lontra canadensis, Taxidea taxus",42.12016063019664,-93.5744373255814,50,Story County - Iowa,forest,20
61,"Odocoileus virginianus, Canis latrans, Procyon lotor, Vulpes vulpes, Sylvilagus floridanus, Didelphis virginiana, Sciurus niger, Canis familiaris, Felis catus, Mephitis mephitis, Neovison vison",41.89503260698312,-89.33951400000001,50,Ogle County - Illinois,grassland,11
62,"Sciurus carolinensis, Odocoileus virginianus, Sciurus niger, Didelphis virginiana, Canis latrans, Procyon lotor, Sylvilagus floridanus, Mephitis mephitis, Felis catus, Urocyon cinereoargenteus, Canis familiaris, Marmota monax, Vulpes vulpes",42.37574297114403,-83.13978148148146,50,Detroit - Michigan,forest,13
63,"Bos taurus, Urocyon cinereoargenteus, Odocoileus virginianus, Sciurus carolinensis, Procyon lotor, Dasypus novemcinctus, Sciurus niger, Didelphis virginiana, Bassariscus astutus, Sylvilagus floridanus, Canis latrans, Lynx rufus, Canis familiaris",31.064780257585333,-97.8744375,50,Bell County - Texas,forest,13
64,"Dasypus novemcinctus, Odocoileus virginianus, Sylvilagus floridanus, Didelphis virginiana, Bos taurus, Procyon lotor, Sciurus carolinensis, Sciurus niger",37.11380861658864,-95.93396283333333,50,Montgomery County - Kansas,forest,8
65,"Sciurus niger, Odocoileus virginianus, Sus scrofa, Canis latrans, Procyon lotor, Didelphis virginiana, Lynx rufus, Mephitis mephitis, Sylvilagus floridanus, Dasypus novemcinctus, Canis familiaris",33.364466567424685,-97.6149322222222,50,Wise County - Texas,forest,11
66,"Didelphis virginiana, Odocoileus virginianus, Sciurus carolinensis, Procyon lotor, Dasypus novemcinctus, Sylvilagus floridanus, Sus scrofa, Canis latrans, Sylvilagus palustris",31.38186451416649,-81.56603937499999,50,Glynn County - Georgia,forest,9
67,"Odocoileus virginianus, Urocyon cinereoargenteus, Procyon lotor, Sus scrofa, Bos taurus, Mephitis mephitis, Sylvilagus aquaticus, Canis latrans, Lynx rufus, Equus asinus, Erethizon dorsatum, Sylvilagus floridanus, Didelphis virginiana, Sciurus niger, Dasypus novemcinctus, Capra aegagrus hircus, Spilogale putorius, Bassariscus astutus, Sus scrofa scrofa, Sciurus carolinensis, Canis familiaris, Felis catus, Vulpes vulpes",29.91121122685725,-97.99194010463764,50,Hays County - Texas,"anthropogenic, forest, grassland",23
68,"Odocoileus virginianus, Tamiasciurus hudsonicus, Lepus americanus, Erethizon dorsatum, Canis latrans, Glaucomys sabrinus, Ursus americanus, Procyon lotor, Canis lupus, Urocyon cinereoargenteus, Vulpes vulpes, Mephitis mephitis, Taxidea taxus",47.63516258255201,-93.47064866666663,50,Itasca County - Minnesota,forest,13
69,"Bos taurus, Cynomys ludovicianus, Canis latrans, Bison bison, Canis familiaris, Odocoileus hemionus, Procyon lotor, Antilocapra americana, Mephitis mephitis, Taxidea taxus, Lepus californicus, Sylvilagus floridanus, Vulpes velox, Castor canadensis, Lynx rufus, Odocoileus virginianus, Erethizon dorsatum, Urocyon cinereoargenteus, Felis catus",38.85964697604432,-100.98201249999998,50,Logan County - Kansas,grassland,19
70,"Sciurus carolinensis, Odocoileus virginianus, Erethizon dorsatum, Procyon lotor, Didelphis virginiana, Urocyon cinereoargenteus, Vulpes vulpes, Canis latrans, Sylvilagus floridanus, Tamias striatus, Ursus americanus, Tamiasciurus hudsonicus, Lynx rufus, Pekania pennanti, Mephitis mephitis, Canis familiaris, Felis catus",42.37997789584127,-72.5086611111111,50,Hampshire County - Massachusetts,forest,17
71,"Odocoileus virginianus, Canis latrans, Ursus americanus, Procyon lotor, Didelphis virginiana, Sciurus carolinensis, Lynx rufus, Urocyon cinereoargenteus, Sylvilagus floridanus",35.15193717771312,-76.98124214285713,50,Craven County - North Carolina,forest,9
72,"Canis latrans, Odocoileus virginianus, Procyon lotor, Sciurus carolinensis, Vulpes vulpes, Felis catus, Mephitis mephitis, Didelphis virginiana, Peromyscus leucopus, Neovison vison, Glaucomys sabrinus, Sylvilagus floridanus, Tamias striatus, Canis familiaris, Marmota monax, Mustela frenata",40.52580089500426,-74.49388998541669,50,Middlesex County - New Jersey,forest,16
73,"Odocoileus virginianus, Sus scrofa, Didelphis virginiana, Procyon lotor, Sciurus carolinensis, Dasypus novemcinctus, Sylvilagus palustris, Neotoma floridana, Lynx rufus, Peromyscus leucopus, Canis latrans, Sciurus niger, Sylvilagus floridanus, Urocyon cinereoargenteus",33.23663379453948,-81.6526703287671,50,Barnwell County - South Carolina,"forest, wetland",14
74,"Ursus americanus, Odocoileus hemionus, Lynx rufus, Canis familiaris, Canis latrans, Tamiasciurus douglasii, Glaucomys sabrinus, Puma concolor, Procyon lotor, Felis catus",48.09768585209004,-123.4976176470588,50,Clallam County - Washington,forest,10
75,"Odocoileus hemionus, Sciurus griseus, Tamiasciurus douglasii, Spilogale gracilis, Glaucomys sabrinus, Puma concolor, Mephitis mephitis, Ursus americanus",43.05932778275682,-122.9732346153846,50,Douglas County - Oregon,forest,8
76,"Odocoileus virginianus, Sylvilagus floridanus, Dasypus novemcinctus, Procyon lotor, Didelphis virginiana, Sciurus carolinensis, Canis latrans, Sciurus niger, Lynx rufus, Sus scrofa, Canis familiaris, Vulpes vulpes, Urocyon cinereoargenteus",31.2494526952444,-84.47638782857145,50,Baker County - Georgia,forest,13
77,"Felis catus, Canis familiaris, Equus caballus, Sylvilagus floridanus, Mephitis mephitis, Odocoileus virginianus, Sciurus carolinensis, Procyon lotor, Tamias striatus",41.41086543731551,-70.58654068965517,50,Dukes County - Massachusetts,"anthropogenic, forest",9
78,"Vulpes vulpes, Odocoileus virginianus, Sciurus carolinensis, Didelphis virginiana, Erethizon dorsatum, Urocyon cinereoargenteus, Tamiasciurus hudsonicus, Procyon lotor, Canis latrans, Tamias striatus, Ursus americanus, Lynx rufus, Pekania pennanti",40.296286145457216,-78.63134333333333,50,Pavia Township - Pennsylvania,forest,13
79,"Canis latrans, Otospermophilus beecheyi, Mephitis mephitis, Vulpes macrotis, Cervus canadensis, Bos taurus, Lepus californicus, Taxidea taxus, Sus scrofa, Antilocapra americana, Dipodomys deserti, Canis familiaris, Sus scrofa scrofa, Dipodomys ingens, Mustela frenata, Dipodomys nitratoides, Puma concolor, Sylvilagus bachmani, Lynx rufus",35.38292610684453,-120.01481373469387,50,San Luis Obispo County - California,grassland,19
80,"Ursus americanus, Cervus canadensis, Ursus arctos, Odocoileus hemionus, Odocoileus virginianus, Canis latrans, Antilocapra americana, Mephitis mephitis, Canis familiaris, Lepus townsendii, Vulpes vulpes, Alces alces, Procyon lotor",44.8163495113024,-109.2162045,50,Park County - Wyoming,grassland,13
81,"Sciurus niger, Odocoileus virginianus, Tamiasciurus hudsonicus, Canis familiaris, Sylvilagus nuttallii, Vulpes vulpes, Procyon lotor, Felis catus, Odocoileus hemionus, Canis latrans, Cervus canadensis, Ursus americanus, Mephitis mephitis, Glaucomys sabrinus, Equus caballus",46.85330986285497,-114.01759285714284,50,Missoula - Montana,forest,15
82,"Canis latrans, Sylvilagus floridanus, Sciurus carolinensis, Procyon lotor, Didelphis virginiana, Odocoileus virginianus, Urocyon cinereoargenteus, Felis catus, Tamias striatus, Lynx rufus, Canis familiaris, Vulpes vulpes, Glaucomys volans, Mephitis mephitis",35.799357693027204,-80.88449935849054,50,Statesville - North Carolina,forest,14
83,"Ursus americanus, Procyon lotor, Odocoileus virginianus, Sus scrofa, Canis latrans, Dasypus novemcinctus, Didelphis virginiana, Lynx rufus, Canis familiaris, Sciurus carolinensis, Urocyon cinereoargenteus",31.112087915698645,-82.26082842105265,50,Ware County - Georgia,forest,11
84,"Pecari tajacu, Canis latrans, Procyon lotor, Didelphis virginiana, Odocoileus virginianus, Sus scrofa, Lynx rufus, Dasypus novemcinctus, Sylvilagus floridanus, Canis familiaris, Mephitis mephitis, Sciurus niger",30.265938624842736,-97.28933500666666,50,Bastrop County - Texas,forest,12
85,"Odocoileus virginianus, Sciurus carolinensis, Didelphis virginiana, Canis latrans, Procyon lotor, Tamias striatus, Mustela erminea, Vulpes vulpes, Pekania pennanti, Ursus americanus, Urocyon cinereoargenteus, Mephitis mephitis, Lynx rufus, Tamiasciurus hudsonicus, Sylvilagus floridanus, Marmota monax, Canis familiaris, Peromyscus leucopus, Glaucomys volans, Glaucomys sabrinus, Felis catus, Zapus hudsonius, Mustela frenata, Tamiasciurus douglasii",41.86391297842767,-72.29195323452994,50,Capitol Planning Region - Connecticut,"anthropogenic, forest",24
86,"Odocoileus virginianus, Canis familiaris, Canis latrans, Sciurus carolinensis, Urocyon cinereoargenteus, Procyon lotor, Sylvilagus floridanus, Dasypus novemcinctus, Vulpes vulpes, Didelphis virginiana, Felis catus, Lynx rufus, Tamias striatus, Marmota monax, Glaucomys volans, Peromyscus leucopus",33.571428815586806,-85.1031940343066,50,Carroll County - Georgia,forest,16
87,"Odocoileus virginianus, Canis latrans, Procyon lotor, Urocyon cinereoargenteus, Sus scrofa, Dasypus novemcinctus, Sciurus carolinensis, Sciurus niger",31.68969978426555,-92.50924666666668,50,Grant Parish - Louisiana,forest,8
88,"Ursus americanus, Alces alces, Canis familiaris, Odocoileus virginianus, Tamiasciurus hudsonicus, Lepus americanus, Canis latrans",44.832088116939126,-71.75075749999999,50,Lewis - Vermont,forest,7
89,"Taxidea taxus, Canis latrans, Canis familiaris, Odocoileus hemionus, Odocoileus virginianus, Lepus townsendii, Erethizon dorsatum, Bos taurus, Mustela erminea",47.40145641049273,-100.26562631578946,50,Sheridan County - North Dakota,grassland,9
90,"Brachylagus idahoensis, Taxidea taxus, Antilocapra americana, Canis latrans, Cervus canadensis, Lepus townsendii, Ovis aries, Odocoileus hemionus, Lynx rufus, Procyon lotor, Canis familiaris, Bos taurus, Dipodomys ordii, Neotoma cinerea, Neotamias minimus, Vulpes vulpes, Cynomys leucurus, Equus caballus",41.27579619019431,-107.6528723529412,50,Carbon County - Wyoming,grassland,18
91,"Lepus americanus, Odocoileus virginianus, Alces alces, Ursus americanus, Martes americana, Canis familiaris, Canis latrans, Lynx canadensis, Tamiasciurus hudsonicus, Erethizon dorsatum",45.197025368984775,-71.13165875,50,Co√∂s County - New Hampshire,forest,10
92,"Odocoileus virginianus, Sciurus niger, Didelphis virginiana, Canis latrans, Procyon lotor, Sylvilagus floridanus, Felis catus, Sciurus carolinensis, Lynx rufus, Mephitis mephitis, Canis familiaris",39.0456680967154,-95.2020676470588,50,Douglas County - Kansas,grassland,11
93,"Marmota monax, Felis catus, Mephitis mephitis, Canis familiaris, Sciurus carolinensis, Tamias striatus, Vulpes vulpes, Didelphis virginiana, Sylvilagus floridanus, Urocyon cinereoargenteus, Odocoileus virginianus, Lynx rufus, Procyon lotor, Bos taurus, Canis latrans",35.31507291422239,-83.21141285714288,50,Jackson County - North Carolina,anthropogenic,15
94,"Dasypus novemcinctus, Procyon lotor, Didelphis virginiana, Odocoileus virginianus, Sus scrofa, Canis latrans, Sciurus niger, Sciurus carolinensis, Lynx rufus, Sylvilagus floridanus, Neotoma floridana, Canis familiaris, Mephitis mephitis",35.02587517050033,-95.46951051724136,50,Pittsburg County - Oklahoma,forest,13
95,"Dasypus novemcinctus, Odocoileus virginianus, Didelphis virginiana, Procyon lotor, Canis latrans, Sciurus carolinensis, Sus scrofa, Sciurus niger, Sylvilagus floridanus",30.95090061988761,-81.64599499999998,50,Camden County - Georgia,forest,9
96,"Sciurus carolinensis, Lynx rufus, Didelphis virginiana, Procyon lotor, Odocoileus virginianus, Sciurus niger, Sus scrofa, Canis latrans, Sylvilagus floridanus, Dasypus novemcinctus, Glaucomys volans, Sylvilagus aquaticus, Canis familiaris",33.71730004266524,-90.93067454545456,50,Bolivar County - Mississippi,forest,13
97,"Ursus americanus, Tamias striatus, Sciurus carolinensis, Procyon lotor, Vulpes vulpes, Odocoileus virginianus, Canis latrans, Canis familiaris, Pekania pennanti, Erethizon dorsatum, Mustela frenata, Didelphis virginiana, Lynx rufus, Urocyon cinereoargenteus, Sylvilagus floridanus",41.81377064006864,-73.90404518604652,50,Dutchess County - New York,forest,15
98,"Sciurus carolinensis, Odocoileus virginianus, Vulpes vulpes, Procyon lotor, Neovison vison, Didelphis virginiana, Canis familiaris, Canis latrans, Sylvilagus floridanus, Mephitis mephitis, Felis catus, Glaucomys volans, Tamias striatus, Lontra canadensis, Lynx rufus, Urocyon cinereoargenteus",37.59201538570977,-77.60814881250002,50,Henrico County - Virginia,"anthropogenic, forest",16
99,"Canis latrans, Odocoileus virginianus, Vulpes vulpes, Cervus canadensis, Tamiasciurus hudsonicus, Procyon lotor, Ursus americanus, Canis lupus, Lynx rufus, Lepus americanus, Pekania pennanti, Canis familiaris, Erethizon dorsatum, Lontra canadensis, Neovison vison, Mephitis mephitis, Sciurus carolinensis, Tamias striatus",46.1779978894506,-90.89356999999998,50,Town of Gordon - Wisconsin,forest,18
100,"Ursus americanus, Tamias striatus, Sciurus carolinensis, Odocoileus virginianus, Procyon lotor, Felis catus, Vulpes vulpes, Didelphis virginiana, Mephitis mephitis, Lynx rufus, Tamiasciurus douglasii, Canis latrans, Spilogale putorius",36.4348682358832,-81.85864413888889,50,Johnson County - Tennessee,forest,13
101,"Sylvilagus audubonii, Ammospermophilus harrisii, Taxidea taxus, Canis latrans, Otospermophilus variegatus, Lepus californicus, Pecari tajacu, Lynx rufus, Odocoileus hemionus, Procyon lotor, Neotamias dorsalis, Equus caballus, Urocyon cinereoargenteus, Spilogale gracilis",33.71624321951078,-111.80362555555556,50,Scottsdale - Arizona,desert,14
102,"Dasypus novemcinctus, Odocoileus virginianus, Sylvilagus floridanus, Didelphis virginiana, Procyon lotor, Lynx rufus, Sciurus carolinensis, Sciurus niger",37.26195064524967,-95.10392566666668,50,Labette County - Kansas,forest,8
103,"Antilocapra americana, Bos taurus, Lepus townsendii, Odocoileus hemionus, Cervus canadensis, Mustela frenata, Canis latrans, Taxidea taxus, Cynomys ludovicianus, Bison bison, Odocoileus virginianus, Alces alces, Procyon lotor",47.99104699776602,-108.00235638888886,50,Phillips County - Montana,grassland,13
104,"Tamias striatus, Canis latrans, Sciurus carolinensis, Odocoileus virginianus, Procyon lotor, Canis familiaris, Ursus americanus, Lynx rufus, Sylvilagus floridanus, Sciurus niger, Felis catus, Vulpes vulpes, Didelphis virginiana",35.42015426718476,-82.90824,50,Haywood County - North Carolina,forest,13
105,"Ursus americanus, Tamiasciurus douglasii, Neotamias senex, Pekania pennanti, Sciurus griseus, Urocyon cinereoargenteus, Odocoileus hemionus, Puma concolor",41.293865364265216,-124.01089909090908,50,Humboldt County - California,forest,8
106,"Lynx rufus, Canis latrans, Procyon lotor, Odocoileus virginianus, Mephitis mephitis, Canis familiaris, Sciurus carolinensis, Sylvilagus floridanus, Vulpes vulpes",35.75349645330721,-84.91476454545453,50,Rhea County - Tennessee,grassland,9
107,"Taxidea taxus, Canis latrans, Odocoileus virginianus, Mephitis mephitis, Lynx rufus, Didelphis virginiana, Sylvilagus floridanus, Procyon lotor, Sciurus niger, Tamiasciurus douglasii",39.08759841842338,-96.58343374870972,50,Riley County - Kansas,forest,10
108,"Canis familiaris, Odocoileus virginianus, Canis latrans, Procyon lotor, Sciurus carolinensis, Tamias striatus, Tamiasciurus hudsonicus, Didelphis virginiana, Neovison vison, Vulpes vulpes, Mephitis mephitis, Sciurus niger",44.25591451633326,-83.446875,50,Baldwin Township - Michigan,forest,12
109,"Ursus americanus, Canis latrans, Odocoileus virginianus, Procyon lotor, Sylvilagus floridanus, Lynx rufus, Didelphis virginiana, Sciurus carolinensis, Sus scrofa",34.53204515651852,-77.7565659090909,50,Pender County - North Carolina,forest,9
110,"Sus scrofa, Mephitis mephitis, Lynx rufus, Odocoileus hemionus, Puma concolor, Canis latrans, Urocyon cinereoargenteus, Sciurus carolinensis",37.046300281993005,-121.3653081818182,50,Santa Clara County - California,forest,8
111,"Ursus americanus, Vulpes vulpes, Odocoileus hemionus, Tamiasciurus hudsonicus, Antilocapra americana, Canis lupus, Mephitis mephitis, Ursus arctos, Cervus canadensis, Canis familiaris, Canis latrans, Equus caballus, Alces alces, Puma concolor, Bos taurus, Erethizon dorsatum, Lepus americanus, Martes americana, Ovis canadensis, Taxidea taxus, Odocoileus virginianus, Glaucomys sabrinus",43.64747015509828,-110.48842446585364,50,Teton County - Wyoming,forest,22
112,"Ursus americanus, Lynx rufus, Odocoileus virginianus, Conepatus leuconotus, Canis latrans, Bos taurus, Urocyon cinereoargenteus, Puma concolor, Didelphis virginiana, Nasua narica, Spilogale gracilis, Pecari tajacu, Erethizon dorsatum, Mephitis mephitis, Lepus californicus, Otospermophilus variegatus, Equus caballus, Mephitis macroura, Sylvilagus floridanus, Sylvilagus audubonii, Bassariscus astutus, Sciurus arizonensis, Procyon lotor, Ammospermophilus harrisii, Xerospermophilus tereticaudus",31.35007936695825,-110.7185261111111,50,Santa Cruz County - Arizona,forest,25
113,"Odocoileus virginianus, Procyon lotor, Canis latrans, Sylvilagus floridanus, Dasypus novemcinctus, Didelphis virginiana, Mephitis mephitis, Canis familiaris, Lynx rufus, Ursus americanus, Tamias striatus, Sciurus carolinensis, Felis catus, Neotoma floridana, Urocyon cinereoargenteus, Marmota monax",36.026077725821146,-94.24238636363636,50,Washington County - Arkansas,"forest, grassland",16
114,"Procyon lotor, Odocoileus virginianus, Sciurus carolinensis, Tamiasciurus hudsonicus, Tamias striatus, Canis familiaris, Lepus americanus, Canis latrans, Martes americana, Felis catus, Ursus americanus, Erethizon dorsatum, Lynx rufus, Vulpes vulpes, Pekania pennanti, Urocyon cinereoargenteus, Mustela erminea, Myodes gapperi, Mephitis mephitis, Neovison vison",44.88543245964056,-68.64618437615384,50,Penobscot County - Maine,forest,20
115,"Procyon lotor, Odocoileus virginianus, Tamias striatus, Sylvilagus floridanus, Sciurus niger, Sciurus carolinensis, Didelphis virginiana, Lynx rufus, Canis latrans, Dasypus novemcinctus, Canis familiaris",37.24658226747,-85.95220367000002,50,Hart County - Kentucky,"grassland, wetland",11
116,"Sciurus niger, Procyon lotor, Odocoileus virginianus, Didelphis virginiana, Mephitis mephitis, Vulpes vulpes, Sciurus carolinensis, Felis catus, Tamias striatus, Canis latrans, Marmota monax, Tamiasciurus hudsonicus, Sylvilagus floridanus, Canis familiaris, Mustela frenata, Glaucomys volans, Neovison vison, Lynx rufus",40.82403467510985,-81.08649599999998,50,Stark County - Ohio,forest,18
117,"Odocoileus hemionus, Odocoileus virginianus, Canis latrans, Urocyon cinereoargenteus, Lynx rufus, Nasua narica, Otospermophilus variegatus, Ursus americanus, Pecari tajacu, Mephitis macroura, Conepatus leuconotus, Bassariscus astutus, Sylvilagus audubonii, Taxidea taxus, Procyon lotor, Bos taurus",32.16790435547734,-109.50291414285714,50,Cochise County - Arizona,grassland,16
118,"Canis latrans, Odocoileus virginianus, Procyon lotor, Sus scrofa, Pecari tajacu, Odocoileus hemionus, Dasypus novemcinctus, Lynx rufus, Bos taurus, Taxidea taxus, Mephitis mephitis, Canis familiaris, Sciurus niger, Sylvilagus floridanus, Erethizon dorsatum, Lepus californicus, Equus caballus",34.134357564169164,-100.41966919999996,50,Cottle County - Texas,grassland,17
119,"Vulpes vulpes, Canis latrans, Odocoileus virginianus, Procyon lotor, Canis familiaris, Canis lupus, Equus caballus, Ursus americanus, Lepus americanus, Pekania pennanti, Lynx rufus",46.09413686746016,-88.80835538461537,50,Stambaugh Township - Michigan,forest,11
120,"Bos taurus, Antilocapra americana, Canis latrans, Cervus canadensis, Odocoileus hemionus, Cynomys ludovicianus",47.66215833011682,-109.740469,50,Fergus County - Montana,grassland,6
121,"Dasypus novemcinctus, Canis familiaris, Odocoileus virginianus, Procyon lotor, Marmota monax, Canis latrans, Vulpes vulpes, Sciurus carolinensis, Didelphis virginiana, Ursus americanus, Sylvilagus floridanus, Lynx rufus, Sus scrofa",34.517073928091705,-84.0653782275,50,Lumpkin County - Georgia,forest,13
122,"Lynx rufus, Canis latrans, Sciurus carolinensis, Procyon lotor, Odocoileus virginianus, Sus scrofa",30.44301663596369,-93.06491063636362,50,Allen Parish - Louisiana,forest,6
123,"Tamiasciurus hudsonicus, Odocoileus virginianus, Canis latrans, Puma concolor, Canis familiaris, Felis catus, Ursus americanus, Mephitis mephitis, Neovison vison, Neotamias amoenus, Cervus canadensis, Castor canadensis, Ondatra zibethicus, Canis lupus, Ursus arctos, Glaucomys sabrinus, Lontra canadensis, Procyon lotor, Vulpes vulpes, Taxidea taxus",48.408916548904976,-114.4618605896552,50,Flathead County - Montana,forest,20
124,"Odocoileus virginianus, Procyon lotor, Ursus americanus, Canis latrans, Tamias striatus, Pekania pennanti, Canis familiaris, Sciurus carolinensis, Glaucomys volans, Vulpes vulpes, Tamiasciurus hudsonicus, Felis catus, Lynx rufus, Didelphis virginiana, Urocyon cinereoargenteus",39.66971859334057,-79.7557549375,50,Preston County - West Virginia,forest,15
125,"Cynomys ludovicianus, Lepus californicus, Canis latrans, Odocoileus hemionus, Sus scrofa, Bos taurus, Odocoileus virginianus, Didelphis virginiana, Canis familiaris, Taxidea taxus, Mephitis mephitis, Procyon lotor",33.40312577997947,-102.67923652666668,50,Cochran County - Texas,grassland,12
126,"Ursus americanus, Canis latrans, Sciurus carolinensis, Procyon lotor, Odocoileus virginianus, Didelphis virginiana, Tamiasciurus douglasii, Lynx rufus, Sylvilagus floridanus, Mephitis mephitis",38.29337157738163,-79.2246695825,50,Augusta County - Virginia,forest,10
127,"Dasypus novemcinctus, Ursus americanus, Odocoileus virginianus, Sciurus carolinensis, Didelphis virginiana, Canis latrans, Procyon lotor, Lynx rufus, Sus scrofa, Canis familiaris, Sciurus niger, Mephitis mephitis",30.74877843557621,-91.68617111111112,50,Pointe Coupee Parish - Louisiana,wetland,12
128,"Odocoileus virginianus, Sciurus carolinensis, Didelphis virginiana, Procyon lotor, Sciurus niger, Canis latrans, Glaucomys volans, Marmota monax, Canis familiaris, Mustela frenata",43.34029509084501,-84.024535,50,Spaulding Township - Michigan,wetland,10
129,"Taxidea taxus, Lepus californicus, Sylvilagus audubonii, Procyon lotor, Dipodomys ordii, Vulpes vulpes, Ammospermophilus leucurus, Lynx rufus, Canis latrans, Peromyscus maniculatus, Felis catus, Otospermophilus variegatus, Canis familiaris, Odocoileus hemionus",39.04043026794072,-108.62366823529412,50,Grand Junction - Colorado,anthropogenic,14
130,"Odocoileus virginianus, Sciurus carolinensis, Urocyon cinereoargenteus, Procyon lotor, Didelphis virginiana, Sylvilagus floridanus, Lynx rufus, Canis latrans, Ursus americanus, Canis familiaris, Mephitis mephitis",35.76449155105128,-81.72654884615385,50,Burke County - North Carolina,forest,11
131,"Odocoileus virginianus, Didelphis virginiana, Rattus rattus, Procyon lotor, Felis catus, Canis familiaris",24.704546019194325,-81.36691666666665,50,Monroe County - Florida,forest,6
132,"Canis familiaris, Equus caballus, Canis latrans, Sciurus griseus, Tamiasciurus douglasii, Ursus americanus, Callospermophilus lateralis, Lynx rufus, Odocoileus hemionus, Otospermophilus beecheyi, Procyon lotor, Peromyscus maniculatus, Neotoma lepida",39.29055176973672,-119.82762095238095,50,Washoe County - Nevada,"forest, wetland",13
133,"Odocoileus virginianus, Sciurus niger, Procyon lotor, Sus scrofa, Felis catus, Mephitis mephitis, Canis latrans, Urocyon cinereoargenteus, Lynx rufus, Dasypus novemcinctus, Sylvilagus floridanus, Erethizon dorsatum, Canis familiaris, Didelphis virginiana, Equus caballus, Odocoileus hemionus, Bos taurus, Castor canadensis, Lepus californicus, Sus scrofa scrofa",32.237770981524385,-99.88369234074072,50,Taylor County - Texas,grassland,20
134,"Taxidea taxus, Canis latrans, Bos taurus, Mephitis mephitis, Vulpes velox, Lepus townsendii, Odocoileus hemionus, Antilocapra americana, Erethizon dorsatum, Urocitellus richardsonii, Procyon lotor, Canis familiaris",48.44765150284191,-106.58876999999998,50,Valley County - Montana,grassland,12
135,"Vulpes vulpes, Sciurus carolinensis, Odocoileus virginianus, Canis familiaris, Didelphis virginiana, Procyon lotor, Sylvilagus floridanus, Felis catus, Canis latrans, Tamias striatus, Taxidea taxus, Marmota monax, Sciurus niger, Mephitis mephitis, Equus caballus, Urocyon cinereoargenteus, Lepus americanus",42.85010503747666,-88.74506134722222,50,Jefferson County - Wisconsin,forest,17
136,"Canis latrans, Bos taurus, Odocoileus hemionus, Mephitis mephitis, Odocoileus virginianus",36.68592840050986,-99.28188466666668,50,Woodward County - Oklahoma,grassland,5
137,"Odocoileus virginianus, Ursus americanus, Vulpes vulpes, Urocyon cinereoargenteus, Tamias striatus, Procyon lotor, Pekania pennanti, Canis latrans, Canis lupus, Canis familiaris, Tamiasciurus hudsonicus, Martes americana, Neovison vison, Sciurus carolinensis, Erethizon dorsatum, Sylvilagus floridanus, Lepus americanus, Mephitis mephitis, Lynx rufus, Glaucomys sabrinus, Felis catus, Alces alces, Neotamias minimus",46.63672489042188,-87.53512131489366,50,Marquette Township - Michigan,forest,23
138,"Odocoileus virginianus, Ursus americanus, Sciurus carolinensis, Lynx rufus, Erethizon dorsatum, Didelphis virginiana, Procyon lotor, Canis familiaris, Canis latrans, Sylvilagus floridanus, Pekania pennanti, Tamias striatus, Tamiasciurus hudsonicus, Mustela erminea",40.72699048849096,-77.71148123518519,50,Harris Township - Pennsylvania,forest,14
139,"Odocoileus virginianus, Sciurus carolinensis, Dasypus novemcinctus, Lynx rufus, Canis latrans, Didelphis virginiana, Sciurus niger, Procyon lotor, Sylvilagus floridanus, Tamias striatus, Neotoma floridana, Ursus americanus, Mephitis mephitis, Glaucomys volans, Marmota monax, Canis familiaris",36.56874148717398,-93.06983321568624,50,Taney County - Missouri,forest,16
140,"Lynx rufus, Canis latrans, Procyon lotor, Odocoileus virginianus, Sus scrofa, Sylvilagus floridanus, Dasypus novemcinctus, Didelphis virginiana, Sciurus carolinensis, Bos taurus, Lontra canadensis, Puma concolor, Mephitis mephitis",27.66661055631672,-80.90823838095237,50,Osceola County - Florida,"forest, grassland",13
141,"Tamias striatus, Sciurus carolinensis, Odocoileus virginianus, Neovison vison, Procyon lotor, Vulpes vulpes, Felis catus, Canis latrans, Sylvilagus floridanus, Didelphis virginiana, Bos taurus, Mephitis mephitis, Marmota monax, Canis familiaris",39.81814797301806,-77.21946053939392,50,Cumberland Township - Pennsylvania,"forest, grassland",14
142,"Sciurus aberti, Canis familiaris, Urocyon cinereoargenteus, Odocoileus hemionus, Cervus canadensis, Callospermophilus lateralis, Castor canadensis, Procyon lotor, Lynx rufus, Canis latrans, Vulpes vulpes, Lepus townsendii, Lepus americanus, Odocoileus virginianus",38.93194624594576,-106.19749404399998,50,Chaffee County - Colorado,forest,14
143,"Odocoileus virginianus, Procyon lotor, Sciurus carolinensis, Sciurus niger, Didelphis virginiana, Tamias striatus, Lynx rufus, Sylvilagus floridanus, Mephitis mephitis, Lepus townsendii, Canis latrans, Canis familiaris, Felis catus, Mustela frenata",40.07914586801825,-92.6008314285714,50,Adair County - Missouri,forest,14
144,"Ursus americanus, Canis latrans, Sciurus carolinensis, Dasypus novemcinctus, Procyon lotor, Odocoileus virginianus, Lynx rufus, Didelphis virginiana, Sylvilagus floridanus",34.3737988676247,-93.90803533333334,50,Montgomery County - Arkansas,forest,9
145,"Ursus americanus, Canis latrans, Sciurus carolinensis, Procyon lotor, Vulpes vulpes, Odocoileus virginianus, Lynx rufus, Didelphis virginiana, Canis familiaris, Sylvilagus floridanus, Urocyon cinereoargenteus, Pekania pennanti, Tamias striatus, Castor canadensis",42.61070173348943,-71.36702732142858,50,Middlesex County - Massachusetts,forest,14
146,"Dasypus novemcinctus, Canis latrans, Odocoileus virginianus, Sus scrofa, Sylvilagus floridanus, Lynx rufus, Canis familiaris, Sciurus niger, Procyon lotor, Sciurus carolinensis, Mephitis mephitis, Urocyon cinereoargenteus, Didelphis virginiana, Odocoileus hemionus",33.97322224415425,-82.24017444444443,50,McCormick County - South Carolina,forest,14
147,"Ursus americanus, Odocoileus virginianus, Martes americana, Procyon lotor, Vulpes vulpes, Tamias striatus, Sciurus carolinensis, Pekania pennanti, Glaucomys sabrinus, Tamiasciurus hudsonicus, Peromyscus leucopus, Alces alces, Glaucomys volans, Urocyon cinereoargenteus, Canis latrans, Canis familiaris, Mustela frenata, Lynx rufus, Erethizon dorsatum, Lepus americanus, Felis catus, Mustela erminea",44.05527326243917,-71.28830136402982,50,Carroll County - New Hampshire,forest,22
148,"Odocoileus virginianus, Canis latrans, Procyon lotor, Sus scrofa, Lynx rufus, Sciurus carolinensis, Dasypus novemcinctus, Didelphis virginiana, Bos taurus, Sylvilagus floridanus, Lontra canadensis, Sylvilagus palustris, Mephitis mephitis, Canis familiaris, Ursus americanus, Sciurus niger, Equus caballus",27.39728823459273,-81.93973966627905,50,Hardee County - Florida,grassland,17
149,"Bison bison, Bos taurus, Canis latrans, Lepus townsendii, Antilocapra americana, Odocoileus hemionus",48.405130228235365,-108.8542123076923,50,Blaine County - Montana,grassland,6
150,"Lepus californicus, Mephitis mephitis, Canis latrans, Bos taurus, Vulpes vulpes, Vulpes velox",34.24938714947981,-103.242699625,50,Roosevelt County - New Mexico,grassland,6
151,"Canis latrans, Taxidea taxus, Lepus californicus, Sylvilagus audubonii, Ammospermophilus leucurus, Spilogale gracilis, Vulpes macrotis, Urocyon cinereoargenteus",35.638458685857,-114.87921833333333,50,Clark County - Nevada,desert,8
152,"Canis familiaris, Sciurus niger, Lynx rufus, Canis latrans, Odocoileus hemionus, Procyon lotor, Mephitis mephitis, Didelphis virginiana, Lepus californicus, Otospermophilus beecheyi, Felis catus, Equus caballus, Sylvilagus audubonii, Sylvilagus bachmani",37.90747727419917,-122.00397226142856,50,Contra Costa County - California,"anthropogenic, grassland",14
153,"Canis familiaris, Sciurus niger, Didelphis virginiana, Sciurus carolinensis, Odocoileus virginianus, Equus caballus, Canis latrans, Marmota monax, Procyon lotor, Sylvilagus floridanus, Vulpes vulpes, Tamias striatus, Glaucomys volans, Felis catus, Lynx rufus, Tamiasciurus hudsonicus, Neovison vison, Mephitis mephitis, Mustela frenata",40.43121687188459,-86.98928282222222,50,Tippecanoe County - Indiana,forest,19
154,"Didelphis virginiana, Canis latrans, Odocoileus virginianus, Sciurus carolinensis, Sciurus niger, Procyon lotor, Felis catus, Mustela frenata, Vulpes vulpes, Canis familiaris, Marmota monax, Tamias striatus, Sylvilagus floridanus, Mephitis mephitis, Neovison vison",40.13618109002848,-88.15209535441174,50,Champaign County - Illinois,forest,15
155,"Lynx rufus, Canis latrans, Sciurus carolinensis, Dasypus novemcinctus, Procyon lotor, Mephitis mephitis, Didelphis virginiana, Odocoileus virginianus, Marmota monax",37.622489331165326,-89.1740361903846,50,Jackson County - Illinois,forest,9
156,"Odocoileus virginianus, Canis latrans, Vulpes vulpes, Tamiasciurus hudsonicus, Sciurus niger, Taxidea taxus, Tamias striatus, Glaucomys volans, Sciurus carolinensis, Procyon lotor, Neovison vison, Mustela frenata",44.67220803374258,-84.60792866666667,50,Grayling Charter Township - Michigan,forest,12
157,"Odocoileus virginianus, Canis latrans, Mephitis mephitis, Canis familiaris, Ictidomys tridecemlineatus, Mustela erminea, Lariscus insignis, Odocoileus hemionus",47.90325548541813,-97.31858532,50,Grand Forks County - North Dakota,grassland,8
158,"Canis latrans, Odocoileus hemionus, Didelphis virginiana, Sciurus griseus, Sylvilagus bachmani, Mephitis mephitis, Puma concolor, Lynx rufus, Canis familiaris, Bos taurus, Procyon lotor, Neotamias ruficaudus, Castor canadensis, Tamiasciurus hudsonicus, Tamiasciurus douglasii",45.22358749618118,-123.25144495714284,50,Yamhill County - Oregon,grassland,15
159,"Martes americana, Ursus arctos, Odocoileus hemionus, Vulpes vulpes, Lepus americanus, Tamiasciurus hudsonicus, Cervus canadensis, Lontra canadensis",58.288592696737936,-152.29507692307692,50,Kodiak Island Borough - Alaska,forest,8
160,"Canis latrans, Odocoileus virginianus, Sciurus carolinensis, Procyon lotor, Canis familiaris, Vulpes vulpes",35.17948366497522,-81.34851299999998,50,Cleveland County - North Carolina,forest,6
161,"Castor canadensis, Lynx rufus, Canis latrans, Sylvilagus floridanus, Sciurus niger, Sciurus carolinensis, Procyon lotor, Didelphis virginiana, Odocoileus virginianus, Sus scrofa, Canis familiaris, Urocyon cinereoargenteus, Vulpes vulpes, Equus caballus, Felis catus, Lontra canadensis, Mephitis mephitis, Bos taurus",34.80217567173158,-80.15037850000002,50,Chesterfield County - South Carolina,forest,18
162,"Odocoileus virginianus, Sciurus carolinensis, Procyon lotor, Didelphis virginiana, Urocyon cinereoargenteus, Canis familiaris, Sylvilagus floridanus, Canis latrans",34.04251136214218,-79.78928437500001,50,Florence County - South Carolina,forest,8
163,"Odocoileus virginianus, Procyon lotor, Didelphis virginiana, Marmota monax, Sciurus niger, Canis latrans, Sylvilagus floridanus, Tamias striatus, Lynx rufus, Sciurus carolinensis, Tamiasciurus hudsonicus, Felis catus, Canis familiaris, Mephitis mephitis, Lontra canadensis",40.01302685212375,-81.11390004166665,50,Belmont County - Ohio,forest,15
164,"Odocoileus hemionus, Sciurus griseus, Tamiasciurus douglasii, Neotamias townsendii, Didelphis virginiana, Mephitis mephitis, Glaucomys sabrinus, Puma concolor, Spilogale gracilis, Aplodontia rufa, Sylvilagus bachmani, Ursus americanus, Lynx rufus, Procyon lotor, Canis familiaris, Mustela erminea, Mustela frenata, Neotoma cinerea, Neotoma fuscipes, Otospermophilus beecheyi, Lontra canadensis",44.41989597695255,-123.45565077857144,50,Benton County - Oregon,forest,21
165,"Sciurus carolinensis, Canis familiaris, Odocoileus virginianus, Procyon lotor, Canis latrans, Sylvilagus floridanus, Didelphis virginiana, Dasypus novemcinctus, Tamias striatus, Felis catus, Urocyon cinereoargenteus, Glaucomys volans, Lynx rufus",32.66209538528217,-85.48573326744182,50,Auburn - Alabama,forest,13
166,"Lynx rufus, Canis latrans, Sylvilagus floridanus, Sciurus niger, Sciurus carolinensis, Procyon lotor, Vulpes vulpes, Didelphis virginiana, Odocoileus virginianus, Marmota monax, Felis catus, Canis familiaris, Peromyscus maniculatus, Tamias striatus",39.76497733891577,-94.78284618749998,50,Saint Joseph - Missouri,forest,14
167,"Sciurus carolinensis, Procyon lotor, Dasypus novemcinctus, Sciurus niger, Odocoileus virginianus, Canis latrans, Didelphis virginiana, Mephitis mephitis, Lynx rufus, Sigmodon hispidus",29.67145497221849,-95.91945044444444,50,Fort Bend County - Texas,forest,10
168,"Procyon lotor, Sciurus niger, Canis familiaris, Neovison vison, Sciurus carolinensis, Vulpes vulpes, Felis catus, Tamias striatus, Didelphis virginiana, Canis latrans, Mephitis mephitis, Sylvilagus floridanus",41.74806628331448,-88.35425249999999,50,Aurora - Illinois,anthropogenic,12
169,"Canis latrans, Mephitis mephitis, Thomomys bottae, Canis familiaris, Sylvilagus audubonii, Lynx rufus, Neotamias obscurus, Otospermophilus beecheyi, Odocoileus hemionus, Urocyon cinereoargenteus, Puma concolor, Procyon lotor",33.191524513303456,-117.0537025,50,Escondido - California,forest,12
170,"Odocoileus virginianus, Sciurus carolinensis, Canis familiaris, Canis latrans, Procyon lotor, Sus scrofa, Didelphis virginiana, Vulpes vulpes, Urocyon cinereoargenteus, Dasypus novemcinctus, Mephitis mephitis, Equus caballus, Felis catus, Ursus americanus",34.743644955040814,-82.85071867619048,50,Pickens County - South Carolina,forest,14
171,"Odocoileus virginianus, Mephitis mephitis, Procyon lotor, Lynx rufus, Sus scrofa, Sciurus niger, Bos taurus, Castor canadensis, Didelphis virginiana, Canis latrans, Urocyon cinereoargenteus, Dasypus novemcinctus",32.53592576023002,-98.60896285714286,50,Stephens County - Texas,forest,12
172,"Odocoileus virginianus, Sus scrofa, Procyon lotor, Canis latrans, Dasypus novemcinctus, Mephitis mephitis, Lynx rufus, Canis familiaris, Bos taurus, Sylvilagus floridanus, Odocoileus hemionus, Didelphis virginiana, Erethizon dorsatum, Castor canadensis, Sciurus niger, Sigmodon hispidus, Chaetodipus hispidus, Peromyscus maniculatus, Onychomys leucogaster",35.92012668618239,-100.28463472954544,50,Hemphill County - Texas,grassland,19
173,"Odocoileus virginianus, Vulpes vulpes, Sciurus niger, Sciurus carolinensis, Canis latrans, Procyon lotor, Didelphis virginiana, Sylvilagus floridanus, Canis familiaris, Mephitis mephitis",38.79467280171656,-89.99856145555553,50,Edwardsville - Illinois,forest,10
174,"Canis latrans, Sciurus aberti, Odocoileus hemionus, Urocyon cinereoargenteus, Mephitis mephitis, Lynx rufus, Taxidea taxus, Odocoileus virginianus, Cervus canadensis, Lepus californicus, Tamiasciurus hudsonicus, Sciurus arizonensis, Ursus americanus, Puma concolor",35.31681760068648,-111.71166666666666,50,Coconino County - Arizona,grassland,14
175,"Capra aegagrus hircus, Odocoileus virginianus, Sciurus carolinensis, Canis familiaris, Didelphis virginiana, Felis catus, Canis latrans, Vulpes vulpes, Bos taurus, Urocyon cinereoargenteus, Procyon lotor, Lynx rufus, Sylvilagus palustris, Sylvilagus floridanus, Ursus americanus",35.70456925096071,-78.2766023076923,50,Johnston County - North Carolina,forest,15
176,"Canis latrans, Tamias striatus, Sciurus carolinensis, Procyon lotor, Urocyon cinereoargenteus, Tamiasciurus hudsonicus, Sylvilagus floridanus, Odocoileus virginianus, Felis catus, Glaucomys volans, Didelphis virginiana, Mustela frenata, Pekania pennanti, Vulpes vulpes, Marmota monax, Canis familiaris, Peromyscus leucopus, Mephitis mephitis, Mustela erminea",41.98569887337195,-70.95856418181819,50,Bridgewater - Massachusetts,forest,19
177,"Odocoileus virginianus, Procyon lotor, Sylvilagus floridanus, Vulpes vulpes, Canis familiaris, Didelphis virginiana, Canis latrans, Sciurus niger, Sciurus carolinensis, Felis catus, Lepus californicus, Tamias striatus, Tamiasciurus hudsonicus, Neovison vison",44.90606237053797,-93.15263584375,50,Saint Paul - Minnesota,forest,14
178,"Canis latrans, Procyon lotor, Lynx rufus, Odocoileus hemionus, Lontra canadensis, Sylvilagus bachmani, Mephitis mephitis, Zalophus californianus, Canis familiaris",38.02639117652893,-122.9559466888889,50,Marin County - California,beach,9
179,"Ursus americanus, Tamiasciurus douglasii, Urocyon cinereoargenteus, Odocoileus hemionus, Lynx rufus, Canis latrans, Sciurus griseus, Procyon lotor, Mephitis mephitis, Didelphis virginiana, Canis familiaris, Neotamias sonomae, Sylvilagus bachmani, Neotoma fuscipes, Sciurus carolinensis",40.698439364467454,-124.19299233124995,50,Humboldt County - California,forest,15
180,"Odocoileus virginianus, Sciurus carolinensis, Canis latrans, Procyon lotor, Vulpes vulpes, Didelphis virginiana, Canis familiaris, Tamias striatus, Lynx rufus, Mephitis mephitis, Felis catus, Lontra canadensis, Peromyscus leucopus",41.173861944551625,-73.62278975490196,50,Westchester County - New York,forest,13
181,"Odocoileus hemionus, Canis latrans, Procyon lotor, Urocyon cinereoargenteus, Sciurus niger, Lynx rufus, Mephitis mephitis, Didelphis virginiana, Sylvilagus audubonii, Sylvilagus bachmani, Canis familiaris",36.85780334806975,-119.84512069999998,50,Fresno - California,forest,11
182,"Lynx rufus, Canis latrans, Sciurus niger, Dasypus novemcinctus, Procyon lotor, Didelphis virginiana, Odocoileus virginianus, Sciurus carolinensis, Sylvilagus floridanus",36.614586023608695,-87.27258400000002,50,Montgomery County - Tennessee,grassland,9
183,"Ursus americanus, Sciurus griseus, Urocyon cinereoargenteus, Odocoileus hemionus, Procyon lotor, Sylvilagus audubonii, Mephitis mephitis, Canis latrans, Lynx rufus, Canis familiaris, Puma concolor, Bassariscus astutus, Tamiasciurus douglasii, Otospermophilus beecheyi, Didelphis virginiana, Neotamias speciosus, Felis catus, Neotamias merriami, Neotamias amoenus, Lepus californicus, Sylvilagus bachmani, Spilogale gracilis, Sciurus carolinensis",37.37500107601609,-119.66818836150942,50,Madera County - California,forest,23
184,"Sciurus carolinensis, Odocoileus virginianus, Procyon lotor, Canis latrans, Didelphis virginiana, Canis familiaris, Sylvilagus floridanus, Lynx rufus, Vulpes vulpes, Castor canadensis",38.08621395754266,-77.37252680222224,50,Caroline County - Virginia,forest,10
185,"Sciurus carolinensis, Ursus americanus, Tamias striatus, Lynx rufus, Procyon lotor, Didelphis virginiana, Canis latrans, Canis familiaris, Odocoileus virginianus, Neotoma floridana, Spilogale putorius, Glaucomys volans, Sylvilagus obscurus, Mephitis mephitis, Glaucomys sabrinus, Capra aegagrus hircus, Bos taurus",35.50075357537891,-82.30184599117646,50,Buncombe County - North Carolina,forest,17
186,"Ursus americanus, Procyon lotor, Tamiasciurus hudsonicus, Odocoileus virginianus, Vulpes vulpes, Tamias striatus, Sciurus carolinensis, Pekania pennanti, Lynx rufus, Canis latrans",42.8727287190029,-72.81535999999998,50,Windham County - Vermont,forest,10
187,"Odocoileus virginianus, Dasypus novemcinctus, Procyon lotor, Didelphis virginiana, Canis latrans, Sciurus carolinensis, Vulpes vulpes, Lynx rufus, Sciurus niger, Sylvilagus floridanus, Canis familiaris, Mephitis mephitis, Sus scrofa, Neotoma floridana, Urocyon cinereoargenteus",33.80250930877533,-93.77970833333332,50,Hempstead County - Arkansas,grassland,15
188,"Odocoileus hemionus, Mephitis mephitis, Ursus americanus, Sciurus griseus, Didelphis virginiana, Urocyon cinereoargenteus, Procyon lotor, Canis latrans, Bos taurus, Lynx rufus, Lepus californicus, Sus scrofa, Ondatra zibethicus, Puma concolor",38.58979270038274,-122.71460083333332,50,Sonoma County - California,forest,14
189,"Odocoileus virginianus, Sciurus carolinensis, Procyon lotor, Marmota monax, Sciurus niger, Didelphis virginiana, Felis catus, Canis latrans, Vulpes vulpes, Sylvilagus floridanus, Neovison vison, Lynx rufus",42.82581752125736,-84.38434,50,Clinton County - Michigan,wetland,12
190,"Procyon lotor, Canis familiaris, Vulpes vulpes, Sciurus carolinensis, Odocoileus virginianus, Sylvilagus aquaticus, Didelphis virginiana, Dasypus novemcinctus, Sylvilagus floridanus, Urocyon cinereoargenteus, Canis latrans, Lynx rufus, Felis catus, Lontra canadensis, Sus scrofa",30.52862760293116,-90.47618890624996,50,Tangipahoa Parish - Louisiana,forest,15
191,"Sus scrofa, Felis catus, Urva javanica, Canis familiaris, Sus scrofa scrofa",21.36175523477876,-157.74543011428568,50,East Honolulu - Hawaii,forest,5
192,"Odocoileus virginianus, Canis latrans, Lynx rufus, Glaucomys sabrinus, Pekania pennanti, Lepus americanus, Erethizon dorsatum, Ursus americanus, Tamiasciurus hudsonicus, Mustela frenata, Tamias striatus, Sylvilagus floridanus, Sciurus carolinensis",44.4549537470012,-74.19870642857143,50,Franklin County - New York,forest,13
193,"Sciurus niger, Odocoileus virginianus, Procyon lotor, Didelphis virginiana, Sciurus carolinensis, Tamias striatus, Marmota monax, Sylvilagus floridanus, Mephitis mephitis, Canis latrans, Felis catus, Vulpes vulpes",42.484654985085015,-85.4546109090909,50,Prairieville Township - Michigan,forest,12
194,"Dasypus novemcinctus, Odocoileus virginianus, Sciurus carolinensis, Didelphis virginiana, Procyon lotor, Sus scrofa, Urocyon cinereoargenteus, Canis latrans, Sciurus niger",31.18697218741972,-92.58101999999998,50,Rapides Parish - Louisiana,forest,9
195,"Procyon lotor, Sciurus carolinensis, Odocoileus virginianus, Didelphis virginiana, Pekania pennanti, Urocyon cinereoargenteus, Vulpes vulpes, Tamiasciurus hudsonicus, Canis latrans, Tamias striatus, Mustela frenata, Mephitis mephitis, Lynx rufus, Sylvilagus floridanus, Lontra canadensis, Ondatra zibethicus, Castor canadensis, Peromyscus leucopus, Bos taurus, Marmota monax, Neotamias panamintinus, Mustela erminea, Rattus norvegicus, Neovison vison, Canis familiaris, Zapus hudsonius, Glaucomys sabrinus, Sciurus niger, Glaucomys volans, Tamiasciurus douglasii",42.22838536511879,-71.69673499740257,50,Worcester County - Massachusetts,forest,30
196,"Ursus americanus, Lynx rufus, Tamias striatus, Sciurus carolinensis, Erethizon dorsatum, Procyon lotor, Mephitis mephitis, Didelphis virginiana, Odocoileus virginianus",39.59243676754,-79.13984799500001,50,Garrett County - Maryland,anthropogenic,9
197,"Taxidea taxus, Cynomys ludovicianus, Canis latrans, Canis familiaris, Sylvilagus floridanus, Odocoileus hemionus, Procyon lotor, Antilocapra americana, Mephitis mephitis, Odocoileus virginianus",38.52410055031014,-100.56565,50,Lane County - Kansas,grassland,10
198,"Lynx rufus, Canis latrans, Sciurus carolinensis, Dasypus novemcinctus, Procyon lotor, Odocoileus virginianus, Urocyon cinereoargenteus, Didelphis virginiana, Sylvilagus floridanus, Glaucomys volans, Ursus americanus, Marmota monax, Mephitis mephitis",36.255276192587885,-93.7034376923077,50,Madison County - Arkansas,forest,13
199,"Canis familiaris, Felis catus, Canis latrans, Odocoileus hemionus, Urocyon cinereoargenteus, Sylvilagus audubonii, Mephitis mephitis, Puma concolor, Sylvilagus bachmani, Sciurus niger, Sciurus griseus, Procyon lotor",34.044372920350035,-118.71182912307692,50,Los Angeles County - California,chaparral,12
200,"Sus scrofa, Odocoileus hemionus, Sciurus griseus, Canis familiaris, Pecari tajacu, Sciurus arizonensis, Sciurus carolinensis, Neotamias dorsalis, Sylvilagus audubonii, Canis latrans, Lepus californicus, Urocyon cinereoargenteus, Mephitis mephitis, Puma concolor, Procyon lotor, Otospermophilus variegatus, Ammospermophilus harrisii, Bos taurus, Lynx rufus",34.9061906312287,-111.86272333333334,50,Yavapai County - Arizona,forest,19
201,"Procyon lotor, Sylvilagus floridanus, Sciurus carolinensis, Tamias striatus, Odocoileus virginianus, Didelphis virginiana, Canis latrans, Felis catus, Vulpes vulpes, Canis familiaris, Lynx rufus, Sciurus niger, Mephitis mephitis, Marmota monax, Urocyon cinereoargenteus",39.31402391275536,-82.11665672727273,50,Athens - Ohio,forest,15
202,"Procyon lotor, Dasypus novemcinctus, Sciurus carolinensis, Didelphis virginiana, Odocoileus virginianus",37.44982679044722,-95.88275,50,Wilson County - Kansas,forest,5
203,"Odocoileus virginianus, Canis latrans, Bos taurus, Cervus canadensis, Odocoileus hemionus, Neotamias minimus, Canis familiaris",43.72544916194256,-103.79945636363637,50,Custer County - South Dakota,grassland,7
204,"Odocoileus virginianus, Nasua narica, Pecari tajacu, Urocyon cinereoargenteus, Mephitis mephitis, Ursus americanus, Sylvilagus audubonii, Didelphis virginiana, Puma concolor, Canis latrans, Lynx rufus, Bassariscus astutus, Mephitis macroura, Spilogale gracilis, Bos taurus, Lepus californicus, Lepus alleni",31.778929872276443,-110.84530627777774,50,Pima County - Arizona,"forest, grassland",17
205,"Taxidea taxus, Canis latrans, Antilocapra americana, Vulpes velox, Lepus townsendii, Equus caballus, Bos taurus, Canis familiaris",42.14842014747919,-105.73807099999998,50,Albany County - Wyoming,grassland,8
206,"Odocoileus hemionus, Cervus canadensis, Erethizon dorsatum, Tamiasciurus hudsonicus, Alces alces, Canis lupus, Ursus americanus, Vulpes vulpes, Canis latrans, Martes americana",43.861328506436216,-114.6489025,50,Blaine County - Idaho,forest,10
207,"Sciurus carolinensis, Sciurus niger, Odocoileus virginianus, Procyon lotor, Didelphis virginiana, Canis latrans, Felis catus, Lynx rufus, Sylvilagus floridanus",40.063636932781804,-87.56330272222223,50,Vermilion County - Illinois,forest,9
208,"Bison bison, Odocoileus hemionus, Antilocapra americana, Canis latrans, Bos taurus, Odocoileus virginianus, Cervus canadensis, Erethizon dorsatum, Cynomys ludovicianus, Lynx rufus, Sylvilagus audubonii, Taxidea taxus, Lepus townsendii, Procyon lotor, Mephitis mephitis, Canis familiaris, Equus caballus",47.75692749651966,-107.76478634030607,50,Phillips County - Montana,grassland,17
209,"Ursus americanus, Odocoileus hemionus, Canis latrans, Canis familiaris, Mephitis mephitis, Puma concolor, Cervus canadensis, Sciurus aberti, Procyon lotor, Lynx rufus, Odocoileus virginianus, Tamiasciurus hudsonicus, Neotoma mexicana, Sciurus niger, Otospermophilus variegatus, Spilogale gracilis, Tamiasciurus douglasii, Neotoma lepida, Vulpes vulpes, Urocyon cinereoargenteus, Mustela frenata, Callospermophilus lateralis, Sylvilagus audubonii",38.998029674187336,-104.87624764771432,50,El Paso County - Colorado,"forest, grassland",23
210,"Sciurus carolinensis, Odocoileus virginianus, Canis familiaris, Vulpes vulpes, Tamiasciurus hudsonicus, Procyon lotor, Ursus americanus, Canis latrans",43.802152797103965,-71.77065975,50,Grafton County - New Hampshire,forest,8
