Sci_Name,Year,Class,Order,Family,Genus,Species,Common_Name,Cluster_List
Alces alces,2019,mammalia,cetartiodactyla,cervidae,alces,alces,moose,"13,29,47,53,54,55,88,91,103,206"
Alces alces,2020,mammalia,cetartiodactyla,cervidae,alces,alces,moose,"19,47,53,55,111"
Alces alces,2021,mammalia,cetartiodactyla,cervidae,alces,alces,moose,"19,29,47,51,53,55,111,147"
Alces alces,2022,mammalia,cetartiodactyla,cervidae,alces,alces,moose,"13,19,47,51,53,55,59,80,111,137,147"
Alces alces,2023,mammalia,cetartiodactyla,cervidae,alces,alces,moose,"13,19,47,51,53,55,111,147"
Ammospermophilus harrisii,2019,mammalia,rodentia,sciuridae,ammospermophilus,harrisii,harris's antelope squirrel,101
Ammospermophilus harrisii,2020,mammalia,rodentia,sciuridae,ammospermophilus,harrisii,harris's antelope squirrel,101
Ammospermophilus harrisii,2022,mammalia,rodentia,sciuridae,ammospermophilus,harrisii,harris's antelope squirrel,31
Ammospermophilus harrisii,2023,mammalia,rodentia,sciuridae,ammospermophilus,harrisii,harris's antelope squirrel,"31,112,200"
Ammospermophilus leucurus,2019,mammalia,rodentia,sciuridae,ammospermophilus,leucurus,white-tailed antelope squirrel,"43,151"
Ammospermophilus leucurus,2020,mammalia,rodentia,sciuridae,ammospermophilus,leucurus,white-tailed antelope squirrel,"37,43"
Ammospermophilus leucurus,2022,mammalia,rodentia,sciuridae,ammospermophilus,leucurus,white-tailed antelope squirrel,"37,43,129"
Ammospermophilus leucurus,2023,mammalia,rodentia,sciuridae,ammospermophilus,leucurus,white-tailed antelope squirrel,43
Antilocapra americana,2019,mammalia,cetartiodactyla,antilocapridae,antilocapra,americana,pronghorn,"90,103,120,208"
Antilocapra americana,2020,mammalia,cetartiodactyla,antilocapridae,antilocapra,americana,pronghorn,"79,90,111,208"
Antilocapra americana,2021,mammalia,cetartiodactyla,antilocapridae,antilocapra,americana,pronghorn,"79,90,111,208"
Antilocapra americana,2022,mammalia,cetartiodactyla,antilocapridae,antilocapra,americana,pronghorn,"69,79,80,90,111,134,149,197,205,208"
Antilocapra americana,2023,mammalia,cetartiodactyla,antilocapridae,antilocapra,americana,pronghorn,"69,79,90,111,208"
Aplodontia rufa,2019,mammalia,rodentia,aplodontiidae,aplodontia,rufa,mountain beaver,164
Aplodontia rufa,2020,mammalia,rodentia,aplodontiidae,aplodontia,rufa,mountain beaver,"45,164"
Aplodontia rufa,2021,mammalia,rodentia,aplodontiidae,aplodontia,rufa,mountain beaver,164
Aplodontia rufa,2022,mammalia,rodentia,aplodontiidae,aplodontia,rufa,mountain beaver,"48,164"
Aplodontia rufa,2023,mammalia,rodentia,aplodontiidae,aplodontia,rufa,mountain beaver,"48,164"
Bassariscus astutus,2019,mammalia,carnivora,procyonidae,bassariscus,astutus,ringtail,"43,117,183"
Bassariscus astutus,2020,mammalia,carnivora,procyonidae,bassariscus,astutus,ringtail,63
Bassariscus astutus,2021,mammalia,carnivora,procyonidae,bassariscus,astutus,ringtail,183
Bassariscus astutus,2022,mammalia,carnivora,procyonidae,bassariscus,astutus,ringtail,"67,183"
Bassariscus astutus,2023,mammalia,carnivora,procyonidae,bassariscus,astutus,ringtail,"67,112,204"
Bison bison,2019,mammalia,cetartiodactyla,bovidae,bison,bison,american bison,"103,208"
Bison bison,2020,mammalia,cetartiodactyla,bovidae,bison,bison,american bison,208
Bison bison,2021,mammalia,cetartiodactyla,bovidae,bison,bison,american bison,"52,208"
Bison bison,2022,mammalia,cetartiodactyla,bovidae,bison,bison,american bison,"52,69,149,208"
Bison bison,2023,mammalia,cetartiodactyla,bovidae,bison,bison,american bison,"52,69,208"
Blarina brevicauda,2021,mammalia,eulipotyphla,soricidae,blarina,brevicauda,northern short-tailed shrew,17
Blarina brevicauda,2022,mammalia,eulipotyphla,soricidae,blarina,brevicauda,northern short-tailed shrew,59
Bos taurus,2019,mammalia,cetartiodactyla,bovidae,bos,taurus,domestic cattle,"4,11,13,14,39,44,53,67,103,117,118,120,188,203,208"
Bos taurus,2020,mammalia,cetartiodactyla,bovidae,bos,taurus,domestic cattle,"14,39,53,63,67,79,93,111,118,188,195,203"
Bos taurus,2021,mammalia,cetartiodactyla,bovidae,bos,taurus,domestic cattle,"39,44,52,53,67,90,111,118,125,136,141,148,172,195"
Bos taurus,2022,mammalia,cetartiodactyla,bovidae,bos,taurus,domestic cattle,"13,35,39,52,53,67,69,89,90,112,118,133,134,140,148,149,172,205"
Bos taurus,2023,mammalia,cetartiodactyla,bovidae,bos,taurus,domestic cattle,"13,23,35,39,53,64,67,69,79,89,90,111,112,125,140,148,150,158,161,171,172,175,185,195,200,204"
Boselaphus tragocamelus,2022,mammalia,cetartiodactyla,bovidae,boselaphus,tragocamelus,nilgai,41
Brachylagus idahoensis,2019,mammalia,lagomorpha,leporidae,brachylagus,idahoensis,pygmy rabbit,90
Callospermophilus lateralis,2020,mammalia,rodentia,sciuridae,callospermophilus,lateralis,golden mantled ground squirrel,209
Callospermophilus lateralis,2022,mammalia,rodentia,sciuridae,callospermophilus,lateralis,golden mantled ground squirrel,142
Callospermophilus lateralis,2023,mammalia,rodentia,sciuridae,callospermophilus,lateralis,golden mantled ground squirrel,132
Canis familiaris,2019,mammalia,carnivora,canidae,canis,familiaris,domestic dog,"2,3,4,5,7,10,11,12,14,18,19,20,26,27,30,33,42,47,48,50,53,54,55,56,60,61,62,70,81,86,88,91,96,98,99,104,113,118,124,130,135,137,146,153,154,160,162,164,165,176,180,181,183,190,191,209"
Canis familiaris,2020,mammalia,carnivora,canidae,canis,familiaris,domestic dog,"1,2,5,8,14,16,18,19,20,26,30,33,37,39,43,47,48,53,55,57,60,63,65,74,79,85,86,90,93,98,99,111,114,116,118,119,123,124,133,135,137,138,143,146,153,168,172,176,180,184,185,187,190,203,209"
Canis familiaris,2021,mammalia,carnivora,canidae,canis,familiaris,domestic dog,"1,2,3,5,6,8,14,15,16,17,18,19,20,27,30,37,39,40,41,44,47,50,53,55,57,59,60,76,77,83,85,86,92,97,99,111,118,123,124,125,135,137,138,147,153,157,161,163,164,172,176,180,183,184,185,190,195,208,209"
Canis familiaris,2022,mammalia,carnivora,canidae,canis,familiaris,domestic dog,"0,1,5,8,9,10,12,13,16,17,18,19,22,23,26,27,30,31,34,35,37,38,39,40,41,43,47,48,49,51,53,55,57,59,60,67,69,74,76,77,79,80,82,84,85,86,89,97,98,99,106,111,113,116,118,123,124,129,133,134,135,137,138,141,142,145,148,152,153,161,166,172,176,179,180,183,184,187,190,191,197,205,208,209"
Canis familiaris,2023,mammalia,carnivora,canidae,canis,familiaris,domestic dog,"0,1,3,5,9,10,12,14,15,16,19,22,23,24,26,27,30,31,33,34,35,36,37,39,43,47,48,50,51,53,55,56,57,59,60,67,69,72,77,82,85,86,94,99,108,111,114,115,116,118,121,123,127,128,131,132,133,135,137,138,139,141,145,147,148,152,153,158,161,165,166,169,170,172,173,175,176,177,178,179,180,183,185,191,195,199,200,201,209,210"
Canis latrans,2019,mammalia,carnivora,canidae,canis,latrans,coyote,"2,3,4,5,6,7,10,11,12,13,14,16,17,18,19,20,23,26,27,28,29,30,33,39,43,44,47,48,50,53,54,55,56,57,60,61,62,66,67,68,70,71,72,78,81,85,86,88,90,91,92,96,98,99,101,103,104,109,113,116,117,118,120,124,130,133,135,137,139,146,151,153,154,157,160,162,165,174,176,180,181,183,184,188,190,192,193,195,203,206,208,209"
Canis latrans,2020,mammalia,carnivora,canidae,canis,latrans,coyote,"1,2,5,6,8,9,10,12,14,16,17,18,19,20,23,26,27,33,34,37,39,41,43,47,48,53,55,57,60,63,65,67,72,73,74,76,79,85,86,90,92,93,95,98,99,101,110,111,114,116,118,119,123,124,133,135,137,138,139,141,143,146,153,154,157,163,165,168,172,176,180,183,184,185,187,188,190,195,203,208,209"
Canis latrans,2021,mammalia,carnivora,canidae,canis,latrans,coyote,"1,2,3,5,6,8,9,10,12,14,15,16,17,18,19,20,23,26,27,29,30,37,39,40,41,44,47,50,51,52,53,55,57,59,60,67,72,73,76,79,82,83,85,86,90,92,94,97,99,111,115,116,118,122,123,124,125,133,135,136,137,138,139,140,141,147,148,153,154,155,161,163,165,172,176,180,183,184,186,190,192,195,198,208,209"
Canis latrans,2022,mammalia,carnivora,canidae,canis,latrans,coyote,"0,1,5,6,8,9,10,12,13,16,17,18,19,22,23,26,27,30,31,32,33,34,35,37,38,39,40,41,43,47,48,49,51,52,53,55,57,59,60,67,69,72,74,76,79,80,82,84,85,86,89,90,94,97,98,99,100,106,107,111,112,113,114,116,118,123,124,125,126,129,133,134,135,137,138,139,140,141,142,143,144,145,147,148,149,152,153,154,157,161,165,166,172,176,179,180,182,183,184,185,187,190,195,197,198,205,208,209"
Canis latrans,2023,mammalia,carnivora,canidae,canis,latrans,coyote,"1,3,5,9,10,12,13,14,15,16,19,21,22,23,24,25,26,27,30,31,32,33,34,35,36,37,39,43,47,48,50,51,52,53,55,56,57,58,59,60,67,69,72,76,79,82,85,86,87,89,90,94,97,98,99,100,108,111,112,114,115,116,118,121,123,124,125,127,128,132,133,135,137,138,139,140,141,145,147,148,150,152,153,154,156,157,158,161,165,166,167,169,170,171,172,173,175,176,177,178,179,180,183,185,189,194,195,199,200,201,204,207,208,209,210"
Canis lupus,2019,mammalia,carnivora,canidae,canis,lupus,grey wolf,"13,47,53,54,55,68,99,137,206"
Canis lupus,2020,mammalia,carnivora,canidae,canis,lupus,grey wolf,"47,55,99,111,119,123,137"
Canis lupus,2021,mammalia,carnivora,canidae,canis,lupus,grey wolf,"44,47,55,99,111,137"
Canis lupus,2022,mammalia,carnivora,canidae,canis,lupus,grey wolf,"47,55,111,137"
Canis lupus,2023,mammalia,carnivora,canidae,canis,lupus,grey wolf,"13,47,55,99,111,137"
Canis rufus,2019,mammalia,carnivora,canidae,canis,rufus,red wolf,18
Canis rufus,2020,mammalia,carnivora,canidae,canis,rufus,red wolf,18
Canis rufus,2021,mammalia,carnivora,canidae,canis,rufus,red wolf,18
Canis rufus,2022,mammalia,carnivora,canidae,canis,rufus,red wolf,"8,18"
Capra aegagrus hircus,2021,mammalia,cetartiodactyla,bovidae,capra,aegagrus hircus,domestic goat,67
Capra aegagrus hircus,2022,mammalia,cetartiodactyla,bovidae,capra,aegagrus hircus,domestic goat,39
Capra aegagrus hircus,2023,mammalia,cetartiodactyla,bovidae,capra,aegagrus hircus,domestic goat,"39,175,185"
Castor canadensis,2019,mammalia,rodentia,castoridae,castor,canadensis,american beaver,"2,19,26,60,195"
Castor canadensis,2020,mammalia,rodentia,castoridae,castor,canadensis,american beaver,"2,123,195"
Castor canadensis,2021,mammalia,rodentia,castoridae,castor,canadensis,american beaver,"2,6,19,30,123,161,195"
Castor canadensis,2022,mammalia,rodentia,castoridae,castor,canadensis,american beaver,"12,19,69,123,133,142,161,172,184"
Castor canadensis,2023,mammalia,rodentia,castoridae,castor,canadensis,american beaver,"9,13,19,23,123,145,158,161,171,172,195"
Cervus canadensis,2019,mammalia,cetartiodactyla,cervidae,cervus,canadensis,elk,"13,44,53,54,81,90,99,103,120,174,203,206,208,209"
Cervus canadensis,2020,mammalia,cetartiodactyla,cervidae,cervus,canadensis,elk,"19,53,79,90,99,111,123,203,208,209"
Cervus canadensis,2021,mammalia,cetartiodactyla,cervidae,cervus,canadensis,elk,"19,44,52,53,79,90,99,111,123,208,209"
Cervus canadensis,2022,mammalia,cetartiodactyla,cervidae,cervus,canadensis,elk,"0,13,19,51,52,53,79,80,90,99,111,123,142,159,209"
Cervus canadensis,2023,mammalia,cetartiodactyla,cervidae,cervus,canadensis,elk,"13,19,51,52,53,79,90,99,111,123,208,209"
Chaetodipus hispidus,2022,mammalia,rodentia,heteromyidae,chaetodipus,hispidus,hispid pocket mouse,172
Conepatus leuconotus,2019,mammalia,carnivora,mephitidae,conepatus,leuconotus,american hog-nosed skunk,117
Conepatus leuconotus,2022,mammalia,carnivora,mephitidae,conepatus,leuconotus,american hog-nosed skunk,"31,112"
Conepatus leuconotus,2023,mammalia,carnivora,mephitidae,conepatus,leuconotus,american hog-nosed skunk,112
Cynomys leucurus,2022,mammalia,rodentia,sciuridae,cynomys,leucurus,white-tailed prairie dog,90
Cynomys leucurus,2023,mammalia,rodentia,sciuridae,cynomys,leucurus,white-tailed prairie dog,90
Cynomys ludovicianus,2019,mammalia,rodentia,sciuridae,cynomys,ludovicianus,black-tailed prairie dog,"103,120,208"
Cynomys ludovicianus,2020,mammalia,rodentia,sciuridae,cynomys,ludovicianus,black-tailed prairie dog,208
Cynomys ludovicianus,2021,mammalia,rodentia,sciuridae,cynomys,ludovicianus,black-tailed prairie dog,125
Cynomys ludovicianus,2022,mammalia,rodentia,sciuridae,cynomys,ludovicianus,black-tailed prairie dog,"69,125,197,208"
Cynomys ludovicianus,2023,mammalia,rodentia,sciuridae,cynomys,ludovicianus,black-tailed prairie dog,"69,125"
Dasypus novemcinctus,2019,mammalia,cingulata,dasypodidae,dasypus,novemcinctus,nine-banded armadillo,"10,12,14,26,27,39,56,66,86,96,113,118,133,139,146,165,190"
Dasypus novemcinctus,2020,mammalia,cingulata,dasypodidae,dasypus,novemcinctus,nine-banded armadillo,"6,10,12,26,27,39,41,63,65,73,76,86,95,118,133,139,146,165,172,187,190"
Dasypus novemcinctus,2021,mammalia,cingulata,dasypodidae,dasypus,novemcinctus,nine-banded armadillo,"6,10,12,15,26,27,39,41,52,67,73,76,83,86,94,118,133,139,140,148,155,165,172,190,198"
Dasypus novemcinctus,2022,mammalia,cingulata,dasypodidae,dasypus,novemcinctus,nine-banded armadillo,"6,10,12,26,27,35,39,41,52,67,76,84,86,94,113,118,133,139,140,144,148,165,172,182,187,190,198"
Dasypus novemcinctus,2023,mammalia,cingulata,dasypodidae,dasypus,novemcinctus,nine-banded armadillo,"10,12,14,15,21,22,24,25,26,27,32,35,36,39,46,52,56,58,64,67,76,86,87,94,102,115,121,127,133,139,140,148,165,167,170,171,172,194,202"
Didelphis virginiana,2019,mammalia,didelphimorphia,didelphidae,didelphis,virginiana,virginia opossum,"2,3,4,5,6,7,9,10,11,12,14,16,17,18,20,23,26,27,30,33,39,42,48,50,56,60,61,62,66,70,71,72,78,85,86,92,96,98,104,109,113,116,130,135,139,146,153,154,162,164,165,176,180,181,184,188,190,193,195"
Didelphis virginiana,2020,mammalia,didelphimorphia,didelphidae,didelphis,virginiana,virginia opossum,"0,1,2,5,6,8,9,10,12,14,16,17,18,23,26,27,30,33,39,41,48,57,60,63,65,72,73,76,85,86,92,93,95,98,116,133,135,138,139,141,143,146,153,154,163,164,165,168,176,180,183,184,185,187,188,190,195"
Didelphis virginiana,2021,mammalia,didelphimorphia,didelphidae,didelphis,virginiana,virginia opossum,"1,2,3,5,6,8,9,10,12,14,16,17,18,23,26,27,30,39,40,41,50,57,59,60,67,72,73,76,82,83,85,86,92,94,97,115,116,124,125,133,135,138,139,140,141,148,153,154,155,161,163,164,165,172,176,180,183,184,185,195,196,198"
Didelphis virginiana,2022,mammalia,didelphimorphia,didelphidae,didelphis,virginiana,virginia opossum,"0,1,5,6,8,9,10,12,16,17,18,22,23,26,27,30,32,33,35,38,39,40,41,48,57,59,60,67,72,82,84,85,86,94,97,98,100,107,112,113,116,126,133,135,138,139,140,141,143,144,145,148,152,153,154,161,164,165,166,172,176,179,180,182,183,184,185,187,190,195,198"
Didelphis virginiana,2023,mammalia,didelphimorphia,didelphidae,didelphis,virginiana,virginia opossum,"1,2,3,5,9,10,12,14,15,21,22,23,24,25,26,27,30,32,33,35,36,39,46,48,50,56,57,58,59,60,64,67,72,76,82,85,86,94,97,98,100,102,108,112,115,116,121,127,128,131,133,135,138,139,140,141,145,148,152,153,154,158,161,164,165,166,167,170,171,173,175,176,177,179,180,183,185,189,194,195,201,202,204,207"
Dipodomys deserti,2020,mammalia,rodentia,heteromyidae,dipodomys,deserti,desert kangaroo rat,79
Dipodomys deserti,2022,mammalia,rodentia,heteromyidae,dipodomys,deserti,desert kangaroo rat,"31,37"
Dipodomys ingens,2021,mammalia,rodentia,heteromyidae,dipodomys,ingens,giant kangaroo rat,79
Dipodomys ingens,2022,mammalia,rodentia,heteromyidae,dipodomys,ingens,giant kangaroo rat,79
Dipodomys ingens,2023,mammalia,rodentia,heteromyidae,dipodomys,ingens,giant kangaroo rat,79
Dipodomys merriami,2019,mammalia,rodentia,heteromyidae,dipodomys,merriami,merriam's kangaroo rat,"28,43"
Dipodomys merriami,2020,mammalia,rodentia,heteromyidae,dipodomys,merriami,merriam's kangaroo rat,"37,43"
Dipodomys merriami,2022,mammalia,rodentia,heteromyidae,dipodomys,merriami,merriam's kangaroo rat,43
Dipodomys merriami,2023,mammalia,rodentia,heteromyidae,dipodomys,merriami,merriam's kangaroo rat,43
Dipodomys nitratoides,2021,mammalia,rodentia,heteromyidae,dipodomys,nitratoides,fresno kangaroo rat,79
Dipodomys ordii,2021,mammalia,rodentia,heteromyidae,dipodomys,ordii,ord's kangaroo rat,90
Dipodomys ordii,2022,mammalia,rodentia,heteromyidae,dipodomys,ordii,ord's kangaroo rat,"90,129"
Dipodomys ordii,2023,mammalia,rodentia,heteromyidae,dipodomys,ordii,ord's kangaroo rat,90
Equus asinus,2020,mammalia,perissodactyla,equidae,equus,asinus,domestic donkey,67
Equus asinus,2021,mammalia,perissodactyla,equidae,equus,asinus,domestic donkey,67
Equus asinus,2022,mammalia,perissodactyla,equidae,equus,asinus,domestic donkey,"23,67"
Equus asinus,2023,mammalia,perissodactyla,equidae,equus,asinus,domestic donkey,67
Equus caballus,2019,mammalia,perissodactyla,equidae,equus,caballus,domestic horse,"7,18,19,44,53,81,135,153"
Equus caballus,2020,mammalia,perissodactyla,equidae,equus,caballus,domestic horse,"5,19,23,30,53,60,101,111,118,119,133"
Equus caballus,2021,mammalia,perissodactyla,equidae,equus,caballus,domestic horse,"5,18,39,53,77,111,118,161"
Equus caballus,2022,mammalia,perissodactyla,equidae,equus,caballus,domestic horse,"5,13,18,19,31,35,39,53,77,111,112,118,152,161,205"
Equus caballus,2023,mammalia,perissodactyla,equidae,equus,caballus,domestic horse,"5,9,19,31,35,37,53,77,90,111,132,148,152,161,170,208"
Erethizon dorsatum,2019,mammalia,rodentia,erethizontidae,erethizon,dorsatum,north american porcupine,"16,19,20,53,54,68,70,78,91,99,118,137,192,206,208"
Erethizon dorsatum,2020,mammalia,rodentia,erethizontidae,erethizon,dorsatum,north american porcupine,"16,19,20,53,67,111,118,133,137,138,192,208"
Erethizon dorsatum,2021,mammalia,rodentia,erethizontidae,erethizon,dorsatum,north american porcupine,"16,19,20,40,51,52,53,59,97,99,111,118,137,138,172,196,208"
Erethizon dorsatum,2022,mammalia,rodentia,erethizontidae,erethizon,dorsatum,north american porcupine,"16,51,52,53,55,59,67,69,89,97,111,112,114,118,133,134,137,138,147,172"
Erethizon dorsatum,2023,mammalia,rodentia,erethizontidae,erethizon,dorsatum,north american porcupine,"16,47,51,53,55,59,67,69,114,118,133,137,138"
Felis catus,2019,mammalia,carnivora,felidae,felis,catus,domestic cat,"2,7,14,18,19,23,26,30,33,42,48,60,61,62,70,72,81,86,92,98,104,116,133,135,153,154,165,176,190,191,193"
Felis catus,2020,mammalia,carnivora,felidae,felis,catus,domestic cat,"1,2,5,6,8,14,16,17,19,23,30,33,48,60,72,85,86,93,98,114,116,123,124,133,135,137,141,143,153,154,163,165,168,176,180,191"
Felis catus,2021,mammalia,carnivora,felidae,felis,catus,domestic cat,"1,2,5,16,17,19,23,26,30,40,60,77,82,85,86,92,116,123,135,141,153,154,161,163,165,176,183,190,191"
Felis catus,2022,mammalia,carnivora,felidae,felis,catus,domestic cat,"1,10,16,19,22,23,26,30,31,33,35,38,48,49,59,60,72,74,77,85,86,100,113,114,116,123,129,135,137,141,147,152,154,161,166,176,190,191"
Felis catus,2023,mammalia,carnivora,felidae,felis,catus,domestic cat,"1,2,5,9,10,16,19,22,23,26,30,33,35,37,50,51,55,56,60,67,69,72,77,85,86,116,123,131,135,141,152,154,161,165,170,175,176,177,189,191,199,201,207"
Glaucomys sabrinus,2019,mammalia,rodentia,sciuridae,glaucomys,sabrinus,northern flying squirrel,"29,44,48,53,54,68,81,164,192"
Glaucomys sabrinus,2020,mammalia,rodentia,sciuridae,glaucomys,sabrinus,northern flying squirrel,"0,16,19,45,74,75,85,123,137,164,192"
Glaucomys sabrinus,2021,mammalia,rodentia,sciuridae,glaucomys,sabrinus,northern flying squirrel,"5,72,111,147,185,192,195"
Glaucomys sabrinus,2022,mammalia,rodentia,sciuridae,glaucomys,sabrinus,northern flying squirrel,"0,8,30,34,48,85,111,123"
Glaucomys sabrinus,2023,mammalia,rodentia,sciuridae,glaucomys,sabrinus,northern flying squirrel,"0,16,19,48,123,147"
Glaucomys volans,2019,mammalia,rodentia,sciuridae,glaucomys,volans,mexican flying squirrel,"2,12,27,96,98,124,153,176"
Glaucomys volans,2020,mammalia,rodentia,sciuridae,glaucomys,volans,mexican flying squirrel,"1,2,26,57,85,86,124,153,165,185"
Glaucomys volans,2021,mammalia,rodentia,sciuridae,glaucomys,volans,mexican flying squirrel,"2,6,14,17,30,57,116,124,139,147,165,198"
Glaucomys volans,2022,mammalia,rodentia,sciuridae,glaucomys,volans,mexican flying squirrel,"5,6,9,17,30,32,82,86,116,124,139,153,176,185,195,198"
Glaucomys volans,2023,mammalia,rodentia,sciuridae,glaucomys,volans,mexican flying squirrel,"5,9,14,26,30,32,57,116,124,128,139,156,165,176,185"
Gulo gulo,2021,mammalia,carnivora,mustelidae,gulo,gulo,wolverine,55
Ictidomys tridecemlineatus,2021,mammalia,rodentia,sciuridae,ictidomys,tridecemlineatus,thirteen-lined ground squirrel,157
Ictidomys tridecemlineatus,2023,mammalia,rodentia,sciuridae,ictidomys,tridecemlineatus,thirteen-lined ground squirrel,23
Lama glama,2022,mammalia,cetartiodactyla,camelidae,lama,glama,llama,49
Lariscus insignis,2022,mammalia,rodentia,sciuridae,lariscus,insignis,three-striped ground squirrel,157
Lepus alleni,2022,mammalia,lagomorpha,leporidae,lepus,alleni,antelope jackrabbit,31
Lepus alleni,2023,mammalia,lagomorpha,leporidae,lepus,alleni,antelope jackrabbit,"31,204"
Lepus americanus,2019,mammalia,lagomorpha,leporidae,lepus,americanus,snowshoe hare,"13,29,44,53,54,68,88,91,99,137,192"
Lepus americanus,2020,mammalia,lagomorpha,leporidae,lepus,americanus,snowshoe hare,"0,45,47,53,99,111,114,119,135,137,192"
Lepus americanus,2021,mammalia,lagomorpha,leporidae,lepus,americanus,snowshoe hare,"19,20,29,44,47,53,99,111,137,192"
Lepus americanus,2022,mammalia,lagomorpha,leporidae,lepus,americanus,snowshoe hare,"13,19,31,34,47,51,53,99,111,114,142,147,159"
Lepus americanus,2023,mammalia,lagomorpha,leporidae,lepus,americanus,snowshoe hare,"0,13,34,47,53,111,114,137"
Lepus californicus,2019,mammalia,lagomorpha,leporidae,lepus,californicus,black-tailed jackrabbit,"28,43,101,118,151,174,188"
Lepus californicus,2020,mammalia,lagomorpha,leporidae,lepus,californicus,black-tailed jackrabbit,"37,43,79,101,188"
Lepus californicus,2021,mammalia,lagomorpha,leporidae,lepus,californicus,black-tailed jackrabbit,"37,79,118,125,183"
Lepus californicus,2022,mammalia,lagomorpha,leporidae,lepus,californicus,black-tailed jackrabbit,"31,37,41,43,69,79,112,125,129,133,152"
Lepus californicus,2023,mammalia,lagomorpha,leporidae,lepus,californicus,black-tailed jackrabbit,"31,37,43,69,79,125,150,152,177,200,204"
Lepus townsendii,2019,mammalia,lagomorpha,leporidae,lepus,townsendii,white-tailed jackrabbit,"53,90,103"
Lepus townsendii,2020,mammalia,lagomorpha,leporidae,lepus,townsendii,white-tailed jackrabbit,"19,90,143,208"
Lepus townsendii,2021,mammalia,lagomorpha,leporidae,lepus,townsendii,white-tailed jackrabbit,"44,53,90"
Lepus townsendii,2022,mammalia,lagomorpha,leporidae,lepus,townsendii,white-tailed jackrabbit,"53,80,89,90,134,142,149,205,208"
Lepus townsendii,2023,mammalia,lagomorpha,leporidae,lepus,townsendii,white-tailed jackrabbit,"23,53,89,90"
Lontra canadensis,2019,mammalia,carnivora,mustelidae,lontra,canadensis,north american river otter,"2,12,14,20,195"
Lontra canadensis,2020,mammalia,carnivora,mustelidae,lontra,canadensis,north american river otter,"5,18,98,99,195"
Lontra canadensis,2021,mammalia,carnivora,mustelidae,lontra,canadensis,north american river otter,"6,18,60,123,148,161,163,190,195"
Lontra canadensis,2022,mammalia,carnivora,mustelidae,lontra,canadensis,north american river otter,"10,12,18,34,49,123,140,148,159,161,180"
Lontra canadensis,2023,mammalia,carnivora,mustelidae,lontra,canadensis,north american river otter,"10,12,14,52,60,148,161,164,178,195"
Lynx canadensis,2019,mammalia,carnivora,felidae,lynx,canadensis,canada lynx,"29,55,91"
Lynx rufus,2019,mammalia,carnivora,felidae,lynx,rufus,bobcat,"3,4,6,10,11,12,13,14,18,20,26,27,30,39,43,44,47,48,50,53,56,57,70,71,78,85,90,96,99,101,104,109,113,117,118,130,133,139,146,164,174,180,181,183,188,190,192,195,208,209"
Lynx rufus,2020,mammalia,carnivora,felidae,lynx,rufus,bobcat,"0,5,6,8,9,10,12,14,17,18,19,20,26,39,41,43,45,47,48,53,57,60,63,65,67,73,74,76,85,86,90,92,93,99,101,110,118,119,133,137,138,139,143,146,153,163,165,172,180,184,185,187,188,190,195,209"
Lynx rufus,2021,mammalia,carnivora,felidae,lynx,rufus,bobcat,"3,6,8,9,10,12,14,15,17,18,19,26,37,39,41,44,50,52,53,57,73,76,83,85,86,92,99,115,118,122,124,133,137,138,139,140,148,153,155,161,163,164,165,180,183,184,185,186,195,196,198"
Lynx rufus,2022,mammalia,carnivora,felidae,lynx,rufus,bobcat,"0,5,6,8,9,10,12,17,18,19,26,27,31,32,35,39,41,43,47,48,51,52,53,57,59,67,69,74,76,82,84,85,86,94,97,98,100,106,107,112,113,114,116,118,126,129,133,138,139,140,142,143,144,145,147,148,152,153,161,164,165,166,172,179,180,182,183,184,185,187,195,198,209"
Lynx rufus,2023,mammalia,carnivora,felidae,lynx,rufus,bobcat,"5,9,10,12,13,14,15,16,19,22,24,26,27,31,32,35,36,39,43,47,48,50,51,52,53,56,57,59,67,69,76,79,85,86,94,97,99,100,102,112,114,115,118,121,127,132,133,138,139,140,145,147,148,152,153,158,161,164,166,167,169,171,172,175,178,179,180,183,185,189,195,200,201,204,207,209"
Marmota monax,2019,mammalia,rodentia,sciuridae,marmota,monax,groundhog,"2,14,26,30,42,60,62,85,116,135,153,154,176,193"
Marmota monax,2020,mammalia,rodentia,sciuridae,marmota,monax,groundhog,"2,14,16,26,30,60,85,86,93,135,153,154,163,195"
Marmota monax,2021,mammalia,rodentia,sciuridae,marmota,monax,groundhog,"1,2,14,26,30,40,50,60,85,86,116,153,154,155,163,176"
Marmota monax,2022,mammalia,rodentia,sciuridae,marmota,monax,groundhog,"1,12,17,26,30,38,60,85,113,116,141,154,166,195,198"
Marmota monax,2023,mammalia,rodentia,sciuridae,marmota,monax,groundhog,"1,2,12,14,26,30,32,46,50,57,60,72,85,86,116,121,128,139,153,154,166,189,195,201"
Martes americana,2019,mammalia,carnivora,mustelidae,martes,americana,american marten,"29,54,91,137,206"
Martes americana,2020,mammalia,carnivora,mustelidae,martes,americana,american marten,"20,111,114,137"
Martes americana,2021,mammalia,carnivora,mustelidae,martes,americana,american marten,"111,137,147"
Martes americana,2022,mammalia,carnivora,mustelidae,martes,americana,american marten,"34,55,111,137,147,159"
Martes americana,2023,mammalia,carnivora,mustelidae,martes,americana,american marten,"13,34,111,137,147"
Mephitis macroura,2019,mammalia,carnivora,mephitidae,mephitis,macroura,hooded skunk,117
Mephitis macroura,2022,mammalia,carnivora,mephitidae,mephitis,macroura,hooded skunk,"31,112"
Mephitis macroura,2023,mammalia,carnivora,mephitidae,mephitis,macroura,hooded skunk,"112,204"
Mephitis mephitis,2019,mammalia,carnivora,mephitidae,mephitis,mephitis,striped skunk,"2,3,11,12,13,14,16,19,20,23,26,28,44,53,54,61,62,67,68,70,72,81,85,98,113,116,118,130,133,135,146,164,174,181,183,188,193,195,209"
Mephitis mephitis,2020,mammalia,carnivora,mephitidae,mephitis,mephitis,striped skunk,"1,5,8,9,12,14,17,19,23,26,39,41,43,53,60,65,67,75,79,85,92,93,98,99,110,111,116,118,123,133,135,137,143,154,157,164,168,172,176,180,183,188,195,209"
Mephitis mephitis,2021,mammalia,carnivora,mephitidae,mephitis,mephitis,striped skunk,"1,2,5,6,12,16,17,19,23,26,39,40,41,44,47,50,52,53,59,60,67,77,79,85,92,111,116,118,123,133,136,139,141,148,153,154,155,157,163,164,172,180,183,185,195,196,208,209"
Mephitis mephitis,2022,mammalia,carnivora,mephitidae,mephitis,mephitis,striped skunk,"1,5,6,13,17,19,23,31,35,38,39,41,51,52,53,57,59,67,69,77,79,80,84,85,98,100,106,107,111,112,113,116,118,123,126,133,134,137,141,148,152,157,161,164,172,179,180,183,187,195,197,198,208,209"
Mephitis mephitis,2023,mammalia,carnivora,mephitidae,mephitis,mephitis,striped skunk,"1,3,5,9,13,19,23,32,39,50,51,52,53,56,57,58,59,60,67,69,77,82,85,94,98,108,111,112,114,116,118,123,125,127,133,139,140,141,148,150,152,157,158,164,167,169,170,171,172,173,176,178,179,183,185,195,199,200,201,204,209"
Microtus ochrogaster,2022,mammalia,rodentia,cricetidae,microtus,ochrogaster,prairie vole,12
Mus musculus,2020,mammalia,rodentia,cricetidae,mus,musculus,house mouse,30
Mustela erminea,2019,mammalia,carnivora,mustelidae,mustela,erminea,stoat,"20,53,60,85,164"
Mustela erminea,2020,mammalia,carnivora,mustelidae,mustela,erminea,stoat,"0,16,19,195"
Mustela erminea,2021,mammalia,carnivora,mustelidae,mustela,erminea,stoat,"50,60,176,195"
Mustela erminea,2022,mammalia,carnivora,mustelidae,mustela,erminea,stoat,"19,59,138,157,195"
Mustela erminea,2023,mammalia,carnivora,mustelidae,mustela,erminea,stoat,"55,60,89,114,147"
Mustela frenata,2019,mammalia,carnivora,mustelidae,mustela,frenata,long-tailed weasel,"29,44,54,103,154,164,176,195"
Mustela frenata,2020,mammalia,carnivora,mustelidae,mustela,frenata,long-tailed weasel,"0,2,8,17,116,164,192,209"
Mustela frenata,2021,mammalia,carnivora,mustelidae,mustela,frenata,long-tailed weasel,"23,44,53,57,59,79,97,116,153,154,176,195"
Mustela frenata,2022,mammalia,carnivora,mustelidae,mustela,frenata,long-tailed weasel,"0,6,8,57,59,85,97,116,143,147,195"
Mustela frenata,2023,mammalia,carnivora,mustelidae,mustela,frenata,long-tailed weasel,"14,19,30,34,50,57,59,72,116,128,156,195"
Myodes gapperi,2023,mammalia,rodentia,cricetidae,myodes,gapperi,southern red-backed vole,114
Napaeozapus insignis,2021,mammalia,rodentia,dipodidae,napaeozapus,insignis,woodland jumping mouse,"40,59"
Napaeozapus insignis,2022,mammalia,rodentia,dipodidae,napaeozapus,insignis,woodland jumping mouse,59
Nasua narica,2019,mammalia,carnivora,procyonidae,nasua,narica,white-nosed coati,117
Nasua narica,2022,mammalia,carnivora,procyonidae,nasua,narica,white-nosed coati,112
Nasua narica,2023,mammalia,carnivora,procyonidae,nasua,narica,white-nosed coati,"112,204"
Neotamias amoenus,2020,mammalia,rodentia,sciuridae,neotamias,amoenus,yellow-pine chipmunk,123
Neotamias amoenus,2021,mammalia,rodentia,sciuridae,neotamias,amoenus,yellow-pine chipmunk,"123,183"
Neotamias dorsalis,2019,mammalia,rodentia,sciuridae,neotamias,dorsalis,cliff chipmunk,"43,101"
Neotamias dorsalis,2023,mammalia,rodentia,sciuridae,neotamias,dorsalis,cliff chipmunk,200
Neotamias merriami,2021,mammalia,rodentia,sciuridae,neotamias,merriami,merriam's chipmunk,183
Neotamias minimus,2019,mammalia,rodentia,sciuridae,neotamias,minimus,least chipmunk,"54,203"
Neotamias minimus,2021,mammalia,rodentia,sciuridae,neotamias,minimus,least chipmunk,"51,90"
Neotamias minimus,2022,mammalia,rodentia,sciuridae,neotamias,minimus,least chipmunk,"90,137"
Neotamias minimus,2023,mammalia,rodentia,sciuridae,neotamias,minimus,least chipmunk,19
Neotamias obscurus,2023,mammalia,rodentia,sciuridae,neotamias,obscurus,california chipmunk,169
Neotamias panamintinus,2020,mammalia,rodentia,sciuridae,neotamias,panamintinus,panamint chipmunk,195
Neotamias ruficaudus,2023,mammalia,rodentia,sciuridae,neotamias,ruficaudus,red-tailed chipmunk,158
Neotamias senex,2019,mammalia,rodentia,sciuridae,neotamias,senex,allen's chipmunk,105
Neotamias sonomae,2022,mammalia,rodentia,sciuridae,neotamias,sonomae,sonoma chipmunk,179
Neotamias sonomae,2023,mammalia,rodentia,sciuridae,neotamias,sonomae,sonoma chipmunk,179
Neotamias speciosus,2020,mammalia,rodentia,sciuridae,neotamias,speciosus,lodgepole chipmunk,183
Neotamias speciosus,2022,mammalia,rodentia,sciuridae,neotamias,speciosus,lodgepole chipmunk,183
Neotamias townsendii,2019,mammalia,rodentia,sciuridae,neotamias,townsendii,townsend's chipmunk,164
Neotamias townsendii,2021,mammalia,rodentia,sciuridae,neotamias,townsendii,townsend's chipmunk,"16,51,164"
Neotamias townsendii,2022,mammalia,rodentia,sciuridae,neotamias,townsendii,townsend's chipmunk,"48,164"
Neotamias townsendii,2023,mammalia,rodentia,sciuridae,neotamias,townsendii,townsend's chipmunk,"48,164"
Neotamias umbrinus,2019,mammalia,rodentia,sciuridae,neotamias,umbrinus,uinta chipmunk,43
Neotoma albigula,2022,mammalia,rodentia,cricetidae,neotoma,albigula,white-throated woodrat,31
Neotoma cinerea,2019,mammalia,rodentia,cricetidae,neotoma,cinerea,bushy-tailed woodrat,44
Neotoma cinerea,2020,mammalia,rodentia,cricetidae,neotoma,cinerea,bushy-tailed woodrat,"53,164"
Neotoma cinerea,2021,mammalia,rodentia,cricetidae,neotoma,cinerea,bushy-tailed woodrat,"44,53,90"
Neotoma cinerea,2022,mammalia,rodentia,cricetidae,neotoma,cinerea,bushy-tailed woodrat,90
Neotoma cinerea,2023,mammalia,rodentia,cricetidae,neotoma,cinerea,bushy-tailed woodrat,53
Neotoma floridana,2019,mammalia,rodentia,cricetidae,neotoma,floridana,eastern woodrat,33
Neotoma floridana,2020,mammalia,rodentia,cricetidae,neotoma,floridana,eastern woodrat,"26,33,73,139,185"
Neotoma floridana,2021,mammalia,rodentia,cricetidae,neotoma,floridana,eastern woodrat,"26,139"
Neotoma floridana,2022,mammalia,rodentia,cricetidae,neotoma,floridana,eastern woodrat,"26,33,94,113,139,187"
Neotoma floridana,2023,mammalia,rodentia,cricetidae,neotoma,floridana,eastern woodrat,"25,139"
Neotoma fuscipes,2020,mammalia,rodentia,cricetidae,neotoma,fuscipes,dusky-footed woodrat,164
Neotoma fuscipes,2022,mammalia,rodentia,cricetidae,neotoma,fuscipes,dusky-footed woodrat,179
Neotoma fuscipes,2023,mammalia,rodentia,cricetidae,neotoma,fuscipes,dusky-footed woodrat,179
Neotoma lepida,2019,mammalia,rodentia,cricetidae,neotoma,lepida,desert woodrat,43
Neotoma lepida,2020,mammalia,rodentia,cricetidae,neotoma,lepida,desert woodrat,209
Neotoma lepida,2021,mammalia,rodentia,cricetidae,neotoma,lepida,desert woodrat,209
Neotoma lepida,2022,mammalia,rodentia,cricetidae,neotoma,lepida,desert woodrat,43
Neotoma lepida,2023,mammalia,rodentia,cricetidae,neotoma,lepida,desert woodrat,"43,132"
Neotoma mexicana,2019,mammalia,rodentia,cricetidae,neotoma,mexicana,mexican woodrat,209
Neotoma mexicana,2022,mammalia,rodentia,cricetidae,neotoma,mexicana,mexican woodrat,"31,209"
Neotoma micropus,2020,mammalia,rodentia,cricetidae,neotoma,micropus,southern plains woodrat,41
Neotoma micropus,2023,mammalia,rodentia,cricetidae,neotoma,micropus,southern plains woodrat,35
Neovison vison,2019,mammalia,carnivora,mustelidae,neovison,vison,american mink,"2,9,20,61,98,137"
Neovison vison,2020,mammalia,carnivora,mustelidae,neovison,vison,american mink,"2,60,99,123,141,154,168"
Neovison vison,2021,mammalia,carnivora,mustelidae,neovison,vison,american mink,"2,19,72,123,137,141,153,195"
Neovison vison,2022,mammalia,carnivora,mustelidae,neovison,vison,american mink,"6,12,13,19,32,38,59,60,72,116,123,153"
Neovison vison,2023,mammalia,carnivora,mustelidae,neovison,vison,american mink,"12,14,23,57,59,60,72,99,108,114,123,141,156,177,189"
Odocoileus hemionus,2019,mammalia,cetartiodactyla,cervidae,odocoileus,hemionus,mule deer,"13,19,43,44,48,53,54,81,90,101,103,105,117,118,120,164,174,181,183,188,203,206,208,209"
Odocoileus hemionus,2020,mammalia,cetartiodactyla,cervidae,odocoileus,hemionus,mule deer,"0,19,43,45,48,53,57,74,75,90,101,110,111,118,133,146,164,183,188,208,209"
Odocoileus hemionus,2021,mammalia,cetartiodactyla,cervidae,odocoileus,hemionus,mule deer,"19,41,44,51,53,111,118,125,133,136,164,172,183,208,209"
Odocoileus hemionus,2022,mammalia,cetartiodactyla,cervidae,odocoileus,hemionus,mule deer,"0,13,19,31,43,48,49,51,53,69,74,80,89,90,111,118,125,129,134,142,149,152,157,159,164,172,179,183,197,208,209"
Odocoileus hemionus,2023,mammalia,cetartiodactyla,cervidae,odocoileus,hemionus,mule deer,"0,13,19,31,48,51,53,69,89,111,118,125,132,152,158,164,169,172,178,179,183,199,200,208,209"
Odocoileus virginianus,2019,mammalia,cetartiodactyla,cervidae,odocoileus,virginianus,white-tailed deer,"2,3,4,5,6,7,9,10,11,12,13,14,16,17,18,20,23,26,27,30,39,42,47,50,53,56,57,60,61,62,66,67,68,70,71,72,78,81,85,86,88,91,92,96,98,99,103,104,109,113,116,117,118,124,130,133,135,137,139,146,153,154,157,160,162,165,174,176,180,184,190,192,193,195,203,208,209"
Odocoileus virginianus,2020,mammalia,cetartiodactyla,cervidae,odocoileus,virginianus,white-tailed deer,"1,2,5,6,8,9,10,12,14,16,17,18,20,23,26,27,30,34,39,41,47,53,57,60,63,65,67,72,73,76,85,86,92,93,95,98,99,114,116,118,119,123,124,133,135,137,138,139,141,143,146,153,154,157,163,165,172,176,180,184,185,187,190,192,195,203,208,209"
Odocoileus virginianus,2021,mammalia,cetartiodactyla,cervidae,odocoileus,virginianus,white-tailed deer,"1,2,3,5,6,8,9,10,12,14,15,16,17,18,20,23,26,27,29,30,39,40,41,44,47,50,51,52,53,57,59,60,67,72,73,76,77,82,83,85,86,92,94,97,99,111,115,116,118,122,123,124,125,133,135,136,137,138,139,140,141,147,148,153,154,155,157,161,163,165,172,176,180,184,185,186,190,192,195,196,198,208,209"
Odocoileus virginianus,2022,mammalia,cetartiodactyla,cervidae,odocoileus,virginianus,white-tailed deer,"1,5,6,8,9,10,12,13,16,17,18,22,23,26,27,30,31,32,34,35,38,39,40,41,47,49,51,52,53,57,59,60,67,69,72,76,77,80,82,84,85,86,89,94,97,98,99,100,106,107,112,113,114,116,118,123,124,126,133,135,137,138,139,140,141,142,143,144,145,147,148,153,154,157,161,165,166,172,176,180,182,184,185,187,190,195,197,198,208,209"
Odocoileus virginianus,2023,mammalia,cetartiodactyla,cervidae,odocoileus,virginianus,white-tailed deer,"0,1,2,3,5,9,10,12,13,14,15,16,21,22,23,24,25,26,27,30,32,34,35,36,39,46,47,50,51,52,53,56,57,58,59,60,64,67,69,72,76,77,82,85,86,87,94,97,98,99,100,102,108,112,114,115,116,118,121,123,124,127,128,131,133,135,137,138,139,140,141,145,147,148,153,154,156,157,161,165,166,167,170,171,172,173,175,176,177,180,185,189,194,195,201,202,204,207,208,209,210"
Ondatra zibethicus,2019,mammalia,rodentia,cricetidae,ondatra,zibethicus,muskrat,"19,195"
Ondatra zibethicus,2020,mammalia,rodentia,cricetidae,ondatra,zibethicus,muskrat,"123,188,195"
Ondatra zibethicus,2021,mammalia,rodentia,cricetidae,ondatra,zibethicus,muskrat,"123,195"
Ondatra zibethicus,2022,mammalia,rodentia,cricetidae,ondatra,zibethicus,muskrat,"12,123"
Ondatra zibethicus,2023,mammalia,rodentia,cricetidae,ondatra,zibethicus,muskrat,"16,19,123"
Onychomys leucogaster,2022,mammalia,rodentia,cricetidae,onychomys,leucogaster,northern grasshopper mouse,172
Oryx gazella,2019,mammalia,cetartiodactyla,bovidae,oryx,gazella,gemsbok,28
Otospermophilus beecheyi,2020,mammalia,rodentia,sciuridae,otospermophilus,beecheyi,california ground squirrel,"79,183"
Otospermophilus beecheyi,2021,mammalia,rodentia,sciuridae,otospermophilus,beecheyi,california ground squirrel,183
Otospermophilus beecheyi,2022,mammalia,rodentia,sciuridae,otospermophilus,beecheyi,california ground squirrel,"79,152,164"
Otospermophilus beecheyi,2023,mammalia,rodentia,sciuridae,otospermophilus,beecheyi,california ground squirrel,"79,132,152,169"
Otospermophilus variegatus,2019,mammalia,rodentia,sciuridae,otospermophilus,variegatus,rock squirrel,"19,43,101,117,209"
Otospermophilus variegatus,2020,mammalia,rodentia,sciuridae,otospermophilus,variegatus,rock squirrel,"19,43,101"
Otospermophilus variegatus,2021,mammalia,rodentia,sciuridae,otospermophilus,variegatus,rock squirrel,19
Otospermophilus variegatus,2022,mammalia,rodentia,sciuridae,otospermophilus,variegatus,rock squirrel,"19,31,112,129,209"
Otospermophilus variegatus,2023,mammalia,rodentia,sciuridae,otospermophilus,variegatus,rock squirrel,"19,43,112,200,209"
Ovis aries,2019,mammalia,cetartiodactyla,bovidae,ovis,aries,domestic sheep,"23,90"
Ovis aries,2020,mammalia,cetartiodactyla,bovidae,ovis,aries,domestic sheep,"23,90"
Ovis aries,2021,mammalia,cetartiodactyla,bovidae,ovis,aries,domestic sheep,"23,90"
Ovis aries,2022,mammalia,cetartiodactyla,bovidae,ovis,aries,domestic sheep,"23,39,49"
Ovis canadensis,2020,mammalia,cetartiodactyla,bovidae,ovis,canadensis,bighorn sheep,111
Pecari tajacu,2019,mammalia,cetartiodactyla,tayassuidae,pecari,tajacu,collared peccary,"101,117,118"
Pecari tajacu,2020,mammalia,cetartiodactyla,tayassuidae,pecari,tajacu,collared peccary,"41,101,118"
Pecari tajacu,2021,mammalia,cetartiodactyla,tayassuidae,pecari,tajacu,collared peccary,"41,118"
Pecari tajacu,2022,mammalia,cetartiodactyla,tayassuidae,pecari,tajacu,collared peccary,"31,35,41,84,112,118"
Pecari tajacu,2023,mammalia,cetartiodactyla,tayassuidae,pecari,tajacu,collared peccary,"31,35,58,112,118,200,204"
Pekania pennanti,2019,mammalia,carnivora,mustelidae,pekania,pennanti,fisher,"2,16,20,29,54,57,70,78,85,99,105,124,137,176,192,195"
Pekania pennanti,2020,mammalia,carnivora,mustelidae,pekania,pennanti,fisher,"16,57,85,119,124,137,176,195"
Pekania pennanti,2021,mammalia,carnivora,mustelidae,pekania,pennanti,fisher,"16,20,40,85,97,99,124,137,138,147,176,186,195"
Pekania pennanti,2022,mammalia,carnivora,mustelidae,pekania,pennanti,fisher,"16,34,40,59,85,97,114,124,137,138,145,147,176,195"
Pekania pennanti,2023,mammalia,carnivora,mustelidae,pekania,pennanti,fisher,"16,34,57,59,85,97,99,114,137,147,176,195"
Peromyscus gossypinus,2020,mammalia,rodentia,cricetidae,peromyscus,gossypinus,cotton mouse,33
Peromyscus gossypinus,2022,mammalia,rodentia,cricetidae,peromyscus,gossypinus,cotton mouse,"12,33"
Peromyscus leucopus,2020,mammalia,rodentia,cricetidae,peromyscus,leucopus,white-footed mouse,"2,8,16,30,41,57,60,72,73,85,176,195"
Peromyscus leucopus,2021,mammalia,rodentia,cricetidae,peromyscus,leucopus,white-footed mouse,"57,147"
Peromyscus leucopus,2022,mammalia,rodentia,cricetidae,peromyscus,leucopus,white-footed mouse,"30,32,57,60,86,180,195"
Peromyscus leucopus,2023,mammalia,rodentia,cricetidae,peromyscus,leucopus,white-footed mouse,"9,16,60"
Peromyscus maniculatus,2021,mammalia,rodentia,cricetidae,peromyscus,maniculatus,north american deermouse,51
Peromyscus maniculatus,2022,mammalia,rodentia,cricetidae,peromyscus,maniculatus,north american deermouse,"129,172"
Peromyscus maniculatus,2023,mammalia,rodentia,cricetidae,peromyscus,maniculatus,north american deermouse,"32,132,166"
Procyon lotor,2019,mammalia,carnivora,procyonidae,procyon,lotor,northern raccoon,"2,3,4,5,6,7,9,10,11,12,14,16,17,18,19,20,23,26,27,30,33,39,42,43,48,50,54,56,57,60,61,62,66,67,68,70,71,72,78,81,85,86,92,96,98,99,101,103,104,109,113,116,117,118,124,130,133,135,137,146,153,154,160,162,164,165,176,180,181,183,184,188,190,193,195,209"
Procyon lotor,2020,mammalia,carnivora,procyonidae,procyon,lotor,northern raccoon,"0,1,2,5,6,8,9,10,12,14,16,17,18,19,20,23,26,27,30,33,34,39,41,47,48,53,57,60,63,65,67,72,73,76,85,86,90,92,93,95,98,99,114,116,118,119,124,133,135,137,138,139,141,143,146,153,154,163,165,168,172,176,180,184,185,187,188,190,195,208,209"
Procyon lotor,2021,mammalia,carnivora,procyonidae,procyon,lotor,northern raccoon,"1,2,3,5,6,8,9,10,12,14,15,16,17,18,19,20,23,26,27,30,39,40,41,50,51,52,53,57,59,60,67,72,73,76,77,82,83,85,86,92,94,97,99,115,116,118,122,123,124,133,135,137,138,139,140,141,147,148,153,154,155,161,163,165,172,176,180,184,185,186,190,195,196,198,209"
Procyon lotor,2022,mammalia,carnivora,procyonidae,procyon,lotor,northern raccoon,"0,1,5,6,8,9,10,12,16,17,18,19,22,23,26,27,30,31,32,33,34,35,38,39,40,41,48,49,52,53,57,59,60,67,69,72,74,76,77,80,82,84,85,86,94,97,98,100,106,107,113,114,116,118,123,124,126,129,133,134,135,137,138,139,140,141,142,143,144,145,147,148,152,153,154,161,165,166,172,176,179,180,182,184,185,187,190,195,197,198,208"
Procyon lotor,2023,mammalia,carnivora,procyonidae,procyon,lotor,northern raccoon,"1,2,3,5,9,10,12,14,15,16,19,21,22,23,24,25,26,27,30,32,33,35,36,39,46,47,48,50,51,52,53,56,57,58,59,60,64,67,69,72,76,77,82,85,86,87,94,97,98,100,102,108,112,114,115,116,118,121,123,124,125,127,128,131,132,133,135,137,138,139,140,141,145,147,148,152,153,154,156,158,161,165,166,167,169,170,171,172,173,175,176,177,178,179,180,185,189,194,195,199,200,201,202,207,210"
Puma concolor,2019,mammalia,carnivora,felidae,puma,concolor,puma,"44,53,54,105,164,174,183,209"
Puma concolor,2020,mammalia,carnivora,felidae,puma,concolor,puma,"0,19,53,74,75,110,111,123,164,188,209"
Puma concolor,2021,mammalia,carnivora,felidae,puma,concolor,puma,"19,44,53,111,164,183"
Puma concolor,2022,mammalia,carnivora,felidae,puma,concolor,puma,"0,13,19,53,111,112,123,140,183,209"
Puma concolor,2023,mammalia,carnivora,felidae,puma,concolor,puma,"0,13,19,31,53,79,111,112,158,164,169,183,199,200,204,209"
Rattus norvegicus,2020,mammalia,rodentia,muridae,rattus,norvegicus,brown rat,"1,30,195"
Rattus norvegicus,2021,mammalia,rodentia,muridae,rattus,norvegicus,brown rat,30
Rattus norvegicus,2022,mammalia,rodentia,muridae,rattus,norvegicus,brown rat,"1,12"
Rattus norvegicus,2023,mammalia,rodentia,muridae,rattus,norvegicus,brown rat,"1,195"
Rattus rattus,2020,mammalia,rodentia,muridae,rattus,rattus,house rat,"33,48"
Rattus rattus,2022,mammalia,rodentia,muridae,rattus,rattus,house rat,22
Rattus rattus,2023,mammalia,rodentia,muridae,rattus,rattus,house rat,131
Sciurus aberti,2019,mammalia,rodentia,sciuridae,sciurus,aberti,abert's squirrel,"174,209"
Sciurus aberti,2020,mammalia,rodentia,sciuridae,sciurus,aberti,abert's squirrel,209
Sciurus aberti,2021,mammalia,rodentia,sciuridae,sciurus,aberti,abert's squirrel,209
Sciurus aberti,2022,mammalia,rodentia,sciuridae,sciurus,aberti,abert's squirrel,"142,209"
Sciurus aberti,2023,mammalia,rodentia,sciuridae,sciurus,aberti,abert's squirrel,209
Sciurus arizonensis,2019,mammalia,rodentia,sciuridae,sciurus,arizonensis,arizona gray squirrel,174
Sciurus arizonensis,2023,mammalia,rodentia,sciuridae,sciurus,arizonensis,arizona gray squirrel,"112,200"
Sciurus carolinensis,2019,mammalia,rodentia,sciuridae,sciurus,carolinensis,eastern gray squirrel,"2,4,5,6,7,9,10,11,12,14,16,17,18,20,26,27,29,30,33,42,48,50,56,57,62,66,70,71,72,78,85,86,92,96,98,104,109,116,124,130,135,137,139,146,153,154,160,162,165,176,180,184,190,193,195"
Sciurus carolinensis,2020,mammalia,rodentia,sciuridae,sciurus,carolinensis,eastern gray squirrel,"1,2,5,6,8,9,10,12,14,16,17,18,20,26,27,30,33,34,48,57,63,72,73,76,85,86,92,93,95,98,110,114,116,124,135,137,138,139,141,143,146,153,154,163,165,168,176,180,184,185,187,190,195"
Sciurus carolinensis,2021,mammalia,rodentia,sciuridae,sciurus,carolinensis,eastern gray squirrel,"1,2,5,6,8,9,10,12,14,15,16,17,18,20,26,27,30,40,50,51,57,59,72,73,76,77,82,83,85,86,94,97,115,116,122,124,135,137,138,139,140,141,147,148,153,154,155,161,163,165,176,180,184,185,186,190,192,195,196,198"
Sciurus carolinensis,2022,mammalia,rodentia,sciuridae,sciurus,carolinensis,eastern gray squirrel,"1,5,6,8,9,10,12,16,17,18,22,26,27,30,32,33,38,40,48,49,57,59,67,72,76,77,82,85,86,94,97,98,99,100,106,113,114,116,124,126,135,137,138,139,141,143,144,145,147,148,153,154,161,165,166,176,180,182,184,185,187,190,195,198"
Sciurus carolinensis,2023,mammalia,rodentia,sciuridae,sciurus,carolinensis,eastern gray squirrel,"1,2,3,5,9,10,12,14,15,16,21,22,24,25,26,27,30,32,33,34,36,46,48,50,56,57,59,64,67,72,77,82,85,86,87,94,97,98,99,100,102,108,114,115,116,121,124,127,128,135,138,139,140,141,145,147,148,153,154,156,161,165,166,167,170,173,175,176,177,179,180,183,185,189,194,195,200,201,202,207,210"
Sciurus griseus,2019,mammalia,rodentia,sciuridae,sciurus,griseus,western gray squirrel,"105,164,183,188"
Sciurus griseus,2020,mammalia,rodentia,sciuridae,sciurus,griseus,western gray squirrel,"6,75,164,183,188"
Sciurus griseus,2021,mammalia,rodentia,sciuridae,sciurus,griseus,western gray squirrel,"51,183"
Sciurus griseus,2022,mammalia,rodentia,sciuridae,sciurus,griseus,western gray squirrel,"164,179,183"
Sciurus griseus,2023,mammalia,rodentia,sciuridae,sciurus,griseus,western gray squirrel,"132,158,164,179,183,199,200"
Sciurus niger,2019,mammalia,rodentia,sciuridae,sciurus,niger,eastern fox squirrel,"2,3,9,10,14,17,19,23,26,42,56,60,61,62,81,92,96,104,116,118,133,135,139,146,153,154,181,193,209"
Sciurus niger,2020,mammalia,rodentia,sciuridae,sciurus,niger,eastern fox squirrel,"6,8,9,14,17,19,23,26,27,30,60,63,65,73,76,92,95,116,118,133,135,139,143,146,153,154,163,168,187,209"
Sciurus niger,2021,mammalia,rodentia,sciuridae,sciurus,niger,eastern fox squirrel,"6,9,14,17,19,23,26,27,39,52,60,67,73,76,92,94,115,116,118,133,139,153,154,161,209"
Sciurus niger,2022,mammalia,rodentia,sciuridae,sciurus,niger,eastern fox squirrel,"6,8,9,10,12,17,19,23,26,30,32,38,39,52,60,67,76,84,94,107,116,133,139,143,148,152,153,154,161,166,172,182,187,195,209"
Sciurus niger,2023,mammalia,rodentia,sciuridae,sciurus,niger,eastern fox squirrel,"3,9,12,14,15,16,19,21,23,25,26,32,36,39,46,52,56,58,60,64,67,76,87,94,102,108,115,116,118,127,128,133,139,152,153,154,156,161,166,167,171,172,173,177,189,194,199,201,207,209"
Sigmodon hispidus,2020,mammalia,rodentia,cricetidae,sigmodon,hispidus,hispid cotton rat,33
Sigmodon hispidus,2022,mammalia,rodentia,cricetidae,sigmodon,hispidus,hispid cotton rat,"10,172"
Sigmodon hispidus,2023,mammalia,rodentia,cricetidae,sigmodon,hispidus,hispid cotton rat,167
Spilogale gracilis,2019,mammalia,carnivora,mephitidae,spilogale,gracilis,western spotted skunk,"43,151,164,209"
Spilogale gracilis,2020,mammalia,carnivora,mephitidae,spilogale,gracilis,western spotted skunk,"45,75,101,164"
Spilogale gracilis,2021,mammalia,carnivora,mephitidae,spilogale,gracilis,western spotted skunk,164
Spilogale gracilis,2022,mammalia,carnivora,mephitidae,spilogale,gracilis,western spotted skunk,"31,43,112,164"
Spilogale gracilis,2023,mammalia,carnivora,mephitidae,spilogale,gracilis,western spotted skunk,"112,164,183,204,209"
Spilogale putorius,2020,mammalia,carnivora,mephitidae,spilogale,putorius,eastern spotted skunk,185
Spilogale putorius,2021,mammalia,carnivora,mephitidae,spilogale,putorius,eastern spotted skunk,8
Spilogale putorius,2022,mammalia,carnivora,mephitidae,spilogale,putorius,eastern spotted skunk,67
Spilogale putorius,2023,mammalia,carnivora,mephitidae,spilogale,putorius,eastern spotted skunk,"9,58,67,100"
Sus scrofa,2019,mammalia,cetartiodactyla,suidae,sus,scrofa,wild pig,"10,27,39,66,67,96,109,118,133,146,188,191"
Sus scrofa,2020,mammalia,cetartiodactyla,suidae,sus,scrofa,wild pig,"10,12,27,39,65,67,73,76,79,95,110,118,133,146,172,188,191"
Sus scrofa,2021,mammalia,cetartiodactyla,suidae,sus,scrofa,wild pig,"15,27,39,41,52,67,73,79,83,94,118,122,125,133,140,148,161,172,191"
Sus scrofa,2022,mammalia,cetartiodactyla,suidae,sus,scrofa,wild pig,"10,27,35,39,41,52,67,76,79,84,94,118,125,133,140,148,161,172,187,190,191"
Sus scrofa,2023,mammalia,cetartiodactyla,suidae,sus,scrofa,wild pig,"10,15,27,35,39,52,58,67,76,79,87,94,118,121,125,127,133,140,148,161,170,171,172,191,194,200"
Sus scrofa scrofa,2021,mammalia,cetartiodactyla,suidae,sus,scrofa scrofa,domestic pig,79
Sus scrofa scrofa,2022,mammalia,cetartiodactyla,suidae,sus,scrofa scrofa,domestic pig,"67,133,191"
Sylvilagus aquaticus,2019,mammalia,lagomorpha,leporidae,sylvilagus,aquaticus,swamp rabbit,"56,67,96,190"
Sylvilagus aquaticus,2020,mammalia,lagomorpha,leporidae,sylvilagus,aquaticus,swamp rabbit,190
Sylvilagus aquaticus,2021,mammalia,lagomorpha,leporidae,sylvilagus,aquaticus,swamp rabbit,190
Sylvilagus aquaticus,2022,mammalia,lagomorpha,leporidae,sylvilagus,aquaticus,swamp rabbit,190
Sylvilagus audubonii,2019,mammalia,lagomorpha,leporidae,sylvilagus,audubonii,desert cottontail,"43,101,117,151,181,183,208"
Sylvilagus audubonii,2020,mammalia,lagomorpha,leporidae,sylvilagus,audubonii,desert cottontail,"43,101,208"
Sylvilagus audubonii,2021,mammalia,lagomorpha,leporidae,sylvilagus,audubonii,desert cottontail,"183,208,209"
Sylvilagus audubonii,2022,mammalia,lagomorpha,leporidae,sylvilagus,audubonii,desert cottontail,"31,43,129,209"
Sylvilagus audubonii,2023,mammalia,lagomorpha,leporidae,sylvilagus,audubonii,desert cottontail,"31,43,112,152,169,199,200,204,209"
Sylvilagus bachmani,2019,mammalia,lagomorpha,leporidae,sylvilagus,bachmani,brush rabbit,"164,181"
Sylvilagus bachmani,2020,mammalia,lagomorpha,leporidae,sylvilagus,bachmani,brush rabbit,164
Sylvilagus bachmani,2022,mammalia,lagomorpha,leporidae,sylvilagus,bachmani,brush rabbit,"179,183"
Sylvilagus bachmani,2023,mammalia,lagomorpha,leporidae,sylvilagus,bachmani,brush rabbit,"79,152,158,178,179,183,199"
Sylvilagus floridanus,2019,mammalia,lagomorpha,leporidae,sylvilagus,floridanus,eastern cottontail,"2,3,4,5,7,9,11,12,14,16,18,20,23,26,27,39,42,48,60,61,62,66,70,71,85,86,92,96,98,104,109,113,116,118,130,135,137,146,153,154,162,165,176,190,193,195"
Sylvilagus floridanus,2020,mammalia,lagomorpha,leporidae,sylvilagus,floridanus,eastern cottontail,"1,2,5,6,8,9,12,14,16,20,23,26,27,30,39,41,48,57,60,63,65,67,73,76,85,86,92,93,95,98,116,118,133,135,138,139,141,143,146,153,154,163,165,168,176,184,187,195"
Sylvilagus floridanus,2021,mammalia,lagomorpha,leporidae,sylvilagus,floridanus,eastern cottontail,"1,2,5,8,9,10,14,16,17,23,26,30,39,40,41,50,52,57,59,60,67,72,73,76,77,82,85,86,92,115,116,135,139,140,141,148,153,154,161,163,165,172,176,184,192,195,198"
Sylvilagus floridanus,2022,mammalia,lagomorpha,leporidae,sylvilagus,floridanus,eastern cottontail,"0,1,5,9,10,12,16,17,22,23,26,30,32,35,38,39,40,48,52,57,59,60,67,69,76,77,82,84,85,86,94,98,106,107,113,116,126,135,137,139,141,143,144,145,148,153,154,161,165,166,172,176,182,187,195,197,198"
Sylvilagus floridanus,2023,mammalia,lagomorpha,leporidae,sylvilagus,floridanus,eastern cottontail,"1,2,5,9,10,14,16,21,22,23,24,26,27,30,32,35,39,48,50,52,56,57,59,60,64,67,69,72,76,77,82,85,86,97,98,102,112,115,116,118,121,135,139,141,145,148,153,154,161,165,166,172,173,175,176,177,189,195,201,207"
Sylvilagus nuttallii,2019,mammalia,lagomorpha,leporidae,sylvilagus,nuttallii,mountain cottontail,"19,53,81"
Sylvilagus nuttallii,2020,mammalia,lagomorpha,leporidae,sylvilagus,nuttallii,mountain cottontail,"19,53"
Sylvilagus nuttallii,2021,mammalia,lagomorpha,leporidae,sylvilagus,nuttallii,mountain cottontail,"44,51,53"
Sylvilagus nuttallii,2022,mammalia,lagomorpha,leporidae,sylvilagus,nuttallii,mountain cottontail,"19,31,53"
Sylvilagus nuttallii,2023,mammalia,lagomorpha,leporidae,sylvilagus,nuttallii,mountain cottontail,53
Sylvilagus obscurus,2021,mammalia,lagomorpha,leporidae,sylvilagus,obscurus,appalachian cottontail,185
Sylvilagus obscurus,2022,mammalia,lagomorpha,leporidae,sylvilagus,obscurus,appalachian cottontail,8
Sylvilagus palustris,2019,mammalia,lagomorpha,leporidae,sylvilagus,palustris,marsh rabbit,66
Sylvilagus palustris,2020,mammalia,lagomorpha,leporidae,sylvilagus,palustris,marsh rabbit,"18,73"
Sylvilagus palustris,2021,mammalia,lagomorpha,leporidae,sylvilagus,palustris,marsh rabbit,"10,18,148"
Sylvilagus palustris,2022,mammalia,lagomorpha,leporidae,sylvilagus,palustris,marsh rabbit,"10,18,148"
Sylvilagus palustris,2023,mammalia,lagomorpha,leporidae,sylvilagus,palustris,marsh rabbit,"10,148,175"
Tamias striatus,2019,mammalia,rodentia,sciuridae,tamias,striatus,eastern chipmunk,"2,9,12,16,17,20,50,57,60,70,78,85,98,104,116,124,135,137,153,154,165,176,180,193,195"
Tamias striatus,2020,mammalia,rodentia,sciuridae,tamias,striatus,eastern chipmunk,"1,2,8,9,16,17,30,57,60,85,86,93,98,114,116,124,135,137,139,141,143,153,154,163,165,168,176,180,185,195"
Tamias striatus,2021,mammalia,rodentia,sciuridae,tamias,striatus,eastern chipmunk,"1,8,16,17,20,30,40,50,57,59,60,82,85,86,97,115,116,124,135,137,138,139,141,147,153,154,163,165,176,185,186,192,195,196"
Tamias striatus,2022,mammalia,rodentia,sciuridae,tamias,striatus,eastern chipmunk,"1,8,9,12,16,17,22,30,34,38,40,57,59,60,72,85,86,97,99,100,113,114,116,124,135,137,138,139,141,143,147,153,165,176,185,195"
Tamias striatus,2023,mammalia,rodentia,sciuridae,tamias,striatus,eastern chipmunk,"1,9,12,16,22,30,32,34,50,57,59,60,72,77,85,86,97,99,100,108,116,124,135,138,139,141,145,147,153,154,156,165,166,176,177,185,195,201"
Tamiasciurus douglasii,2019,mammalia,rodentia,sciuridae,tamiasciurus,douglasii,douglas's squirrel,"48,105,164"
Tamiasciurus douglasii,2020,mammalia,rodentia,sciuridae,tamiasciurus,douglasii,douglas's squirrel,"0,45,48,74,75,164,183,209"
Tamiasciurus douglasii,2021,mammalia,rodentia,sciuridae,tamiasciurus,douglasii,douglas's squirrel,"51,164,209"
Tamiasciurus douglasii,2022,mammalia,rodentia,sciuridae,tamiasciurus,douglasii,douglas's squirrel,"0,48,49,74,85,100,107,126,164,179,195"
Tamiasciurus douglasii,2023,mammalia,rodentia,sciuridae,tamiasciurus,douglasii,douglas's squirrel,"0,48,51,132,158,164,179"
Tamiasciurus hudsonicus,2019,mammalia,rodentia,sciuridae,tamiasciurus,hudsonicus,red squirrel,"2,13,16,20,29,44,53,54,55,57,68,70,78,81,85,88,91,99,116,137,174,176,195,206,209"
Tamiasciurus hudsonicus,2020,mammalia,rodentia,sciuridae,tamiasciurus,hudsonicus,red squirrel,"8,16,19,20,53,55,85,111,114,116,123,124,137,153,163,176,192,195"
Tamiasciurus hudsonicus,2021,mammalia,rodentia,sciuridae,tamiasciurus,hudsonicus,red squirrel,"8,16,19,20,29,40,44,51,53,55,59,85,99,111,116,123,137,138,147,176,186,192,195"
Tamiasciurus hudsonicus,2022,mammalia,rodentia,sciuridae,tamiasciurus,hudsonicus,red squirrel,"8,13,16,19,34,40,51,53,55,57,59,85,99,111,114,116,123,124,137,147,159,195"
Tamiasciurus hudsonicus,2023,mammalia,rodentia,sciuridae,tamiasciurus,hudsonicus,red squirrel,"13,16,19,53,55,57,59,85,99,108,111,114,116,123,137,147,156,158,176,177,195,209,210"
Taxidea taxus,2019,mammalia,carnivora,mustelidae,taxidea,taxus,american badger,"23,28,43,53,54,68,90,101,103,117,118,135,151,174,208"
Taxidea taxus,2020,mammalia,carnivora,mustelidae,taxidea,taxus,american badger,"53,79,90,111,118,208"
Taxidea taxus,2021,mammalia,carnivora,mustelidae,taxidea,taxus,american badger,"19,23,37,53,79,90"
Taxidea taxus,2022,mammalia,carnivora,mustelidae,taxidea,taxus,american badger,"43,53,69,89,90,107,118,125,129,134,197,205"
Taxidea taxus,2023,mammalia,carnivora,mustelidae,taxidea,taxus,american badger,"19,35,43,53,60,69,79,90,118,123,125,156"
Thomomys bottae,2023,mammalia,rodentia,geomyidae,thomomys,bottae,botta's pocket gopher,169
Urocitellus armatus,2023,mammalia,rodentia,sciuridae,urocitellus,armatus,uinta ground squirrel,19
Urocitellus richardsonii,2022,mammalia,rodentia,sciuridae,urocitellus,richardsonii,richardson's ground squirrel,134
Urocyon cinereoargenteus,2019,mammalia,carnivora,canidae,urocyon,cinereoargenteus,grey fox,"4,5,7,11,14,16,43,62,67,68,70,71,78,85,86,105,117,130,133,137,146,151,162,165,174,176,181,183,188,190,195"
Urocyon cinereoargenteus,2020,mammalia,carnivora,canidae,urocyon,cinereoargenteus,grey fox,"6,8,14,20,27,39,57,63,67,85,86,93,101,110,133,135,146,165,176,183,188,195,209"
Urocyon cinereoargenteus,2021,mammalia,carnivora,canidae,urocyon,cinereoargenteus,grey fox,"5,8,14,17,30,39,40,67,73,82,83,85,86,133,147,161,165,176,183,195,198,209"
Urocyon cinereoargenteus,2022,mammalia,carnivora,canidae,urocyon,cinereoargenteus,grey fox,"5,10,22,31,35,38,43,52,57,67,76,82,85,86,97,98,112,113,124,133,142,145,147,161,165,176,179,183,187,209"
Urocyon cinereoargenteus,2023,mammalia,carnivora,canidae,urocyon,cinereoargenteus,grey fox,"5,10,15,16,22,24,35,43,50,56,57,67,69,82,85,86,87,98,112,114,133,145,147,161,165,169,170,171,175,176,179,183,194,195,199,200,201,204,209"
Ursus americanus,2019,mammalia,carnivora,ursidae,ursus,americanus,american black bear,"9,10,11,13,16,18,20,29,44,47,48,50,53,54,55,68,70,71,78,81,85,88,91,99,104,105,109,117,124,130,137,164,174,183,188,206,209"
Ursus americanus,2020,mammalia,carnivora,ursidae,ursus,americanus,american black bear,"0,8,9,16,17,18,19,20,45,47,48,53,74,75,99,111,119,123,124,137,138,164,183,185,188,192,209"
Ursus americanus,2021,mammalia,carnivora,ursidae,ursus,americanus,american black bear,"8,9,10,16,17,18,19,20,44,47,50,53,55,59,83,97,99,111,123,124,137,138,139,147,164,183,185,186,196,209"
Ursus americanus,2022,mammalia,carnivora,ursidae,ursus,americanus,american black bear,"0,5,8,9,10,13,16,17,18,19,31,34,47,51,53,55,59,74,80,85,97,99,100,111,112,113,114,123,124,126,137,138,144,145,147,148,179,183,185,198,209"
Ursus americanus,2023,mammalia,carnivora,ursidae,ursus,americanus,american black bear,"0,9,13,16,19,24,34,47,48,50,51,53,55,59,85,97,99,100,111,112,114,121,123,124,127,132,137,138,145,147,164,170,175,179,183,185,204,209,210"
Ursus arctos,2019,mammalia,carnivora,ursidae,ursus,arctos,brown bear,"13,53,55"
Ursus arctos,2020,mammalia,carnivora,ursidae,ursus,arctos,brown bear,"53,55,111,123"
Ursus arctos,2021,mammalia,carnivora,ursidae,ursus,arctos,brown bear,"53,55,111"
Ursus arctos,2022,mammalia,carnivora,ursidae,ursus,arctos,brown bear,"53,55,80,111,159"
Ursus arctos,2023,mammalia,carnivora,ursidae,ursus,arctos,brown bear,"13,53,55,111"
Urva javanica,2019,mammalia,carnivora,herpestidae,urva,javanica,javan mongoose,191
Urva javanica,2021,mammalia,carnivora,herpestidae,urva,javanica,javan mongoose,191
Urva javanica,2022,mammalia,carnivora,herpestidae,urva,javanica,javan mongoose,191
Urva javanica,2023,mammalia,carnivora,herpestidae,urva,javanica,javan mongoose,191
Vulpes macrotis,2019,mammalia,carnivora,canidae,vulpes,macrotis,kit fox,"28,151"
Vulpes macrotis,2020,mammalia,carnivora,canidae,vulpes,macrotis,kit fox,"37,43,79"
Vulpes macrotis,2021,mammalia,carnivora,canidae,vulpes,macrotis,kit fox,"37,79"
Vulpes macrotis,2022,mammalia,carnivora,canidae,vulpes,macrotis,kit fox,"37,43,79"
Vulpes macrotis,2023,mammalia,carnivora,canidae,vulpes,macrotis,kit fox,"37,79"
Vulpes velox,2022,mammalia,carnivora,canidae,vulpes,velox,swift fox,"69,134,205"
Vulpes velox,2023,mammalia,carnivora,canidae,vulpes,velox,swift fox,"69,150"
Vulpes vulpes,2019,mammalia,carnivora,canidae,vulpes,vulpes,red fox,"2,4,7,9,13,14,19,20,23,30,42,47,50,54,61,62,68,70,72,78,81,85,86,98,99,104,116,135,137,153,154,160,176,180,190,193,195,206"
Vulpes vulpes,2020,mammalia,carnivora,canidae,vulpes,vulpes,red fox,"2,6,8,12,14,19,23,26,30,39,47,53,72,85,86,93,98,99,111,116,119,124,135,137,141,153,168,180,184,187,190,195,209"
Vulpes vulpes,2021,mammalia,carnivora,canidae,vulpes,vulpes,red fox,"1,2,5,8,16,17,19,20,23,26,30,40,50,51,57,60,72,85,86,90,97,111,116,123,124,135,137,141,147,154,161,176,180,184,186,190,195"
Vulpes vulpes,2022,mammalia,carnivora,canidae,vulpes,vulpes,red fox,"1,5,6,8,9,12,13,16,17,19,22,23,26,30,32,34,38,40,47,60,72,76,80,82,85,86,90,97,98,100,106,111,114,116,123,124,129,135,137,141,142,145,147,153,159,161,166,176,180,190,195,209"
Vulpes vulpes,2023,mammalia,carnivora,canidae,vulpes,vulpes,red fox,"1,2,3,5,9,10,13,16,19,22,23,30,47,50,56,57,67,72,76,85,86,97,98,100,108,111,116,121,123,124,135,137,141,147,150,156,161,166,170,173,175,176,177,180,189,195,201,210"
Xerospermophilus tereticaudus,2022,mammalia,rodentia,sciuridae,xerospermophilus,tereticaudus,round-tailed ground squirrel,31
Xerospermophilus tereticaudus,2023,mammalia,rodentia,sciuridae,xerospermophilus,tereticaudus,round-tailed ground squirrel,112
Zalophus californianus,2023,mammalia,carnivora,otariidae,zalophus,californianus,californian sea lion,178
Zapus hudsonius,2021,mammalia,rodentia,dipodidae,zapus,hudsonius,meadow jumping mouse,195
Zapus hudsonius,2022,mammalia,rodentia,dipodidae,zapus,hudsonius,meadow jumping mouse,"85,195"
